,"Код
Инструмента","Наименование
Инструмента","Базис
поставки","Объем
Договоров
в единицах
измерения","Обьем
Договоров,
руб.","Изменение рыночной
цены к цене
предыдуего дня",Col6,"Цена (за единицу измерения), руб.",Col8,Col9,Col10,"Цена в Заявках (за единицу
измерения)",Col12,"Количество
Договоров,
шт."
0,,,,,,Руб.,%,Минимальная,Средневзвешенная,Максимальная,Рыночная,"Лучшее
предложение","Лучший
спрос",
1,AIE6SCI005A,"Бензин (АИ-95-К5) Евро 6, НБ Адлерская (самовывоз
автотранспортом)",НБ Адлерская,5,409920,976,"1,19",81984,81984,81984,81984,81984,81984,1
2,AIE6TIC005A,"Бензин (АИ-95-К5) Евро 6, НБ Тихорецкая (самовывоз
автотранспортом)",НБ Тихорецкая,-,-,-,-,-,-,-,-,81984,-,-
3,A001BDK060C,"Бензин (АИ-100-К5), БП Владикавказ (ст. назначения)",БП Владикавказ,-,-,-,-,-,-,-,-,-,10000,-
4,A001BND060C,"Бензин (АИ-100-К5), БП Краснодар (ст. назначения)",БП Краснодар,-,-,-,-,-,-,-,-,-,10000,-
5,A001CUU025A,"Бензин (АИ-100-К5), НБ Чулман-транс (самовывоз
автотранспортом)",НБ Чулман-транс,-,-,-,-,-,-,-,-,-,10000,-
6,A001KRU060F,"Бензин (АИ-100-К5), ст. Круглое Поле (ст. отправления)",ст. Круглое Поле,-,-,-,-,-,-,-,-,-,10000,-
7,A001OOV060C,"Бензин (АИ-100-К5), БП Ростов 1 (ст. назначения)",БП Ростов 1,-,-,-,-,-,-,-,-,-,10200,-
8,A10KZLY060W,"Бензин (АИ-100-К5)-Евро, ст. Злынка-Экспорт (промежуточная
станция)",ст. Злынка-Экспорт,-,-,-,-,-,-,-,-,96500,90000,-
9,A100ANK060F,"Бензин (АИ-100-К5), Ангарск-группа станций (ст. отправления)","Ангарск-группа
станций",-,-,-,-,-,-,-,104000,-,-,-
10,A100NFT005A,"Бензин (АИ-100-К5), НБ Ростовская (самовывоз
автотранспортом)",НБ Ростовская,-,-,-,-,-,-,-,-,115700,-,-
11,A100SCI005A,"Бензин (АИ-100-К5), НБ Адлерская (самовывоз
автотранспортом)",НБ Адлерская,5,559980,-,-,111996,111996,111996,111996,111996,111996,1
12,A100UFM060F,"Бензин (АИ-100-К5), Уфа-группа станций (ст. отправления)",Уфа-группа станций,-,-,-,-,-,-,-,90500,-,90953,-
13,A106PDK060F,"Бензин (АИ-100-К5) EURO-6, Предкомбинатская-группа
станций (ст. отправления)","Предкомбинатская-
группа станций",-,-,-,-,-,-,-,-,-,93000,-
14,A692ABS005A,"Бензин (АИ-92-К5) ГОСТ 32513-2013/ГОСТ 32513-2023, НБ
Абаканская (самовывоз автотранспортом)",НБ Абаканская,-,-,-,-,-,-,-,-,69000,-,-
15,A692ACH005A,"Бензин (АИ-92-К5) ГОСТ 32513-2013/ГОСТ 32513-2023,
Ачинский НПЗ (самовывоз автотранспортом)",Ачинский НПЗ,-,-,-,-,-,-,-,-,67000,65000,-
16,A692ALL060J,"Бензин (АИ-92-К5), ГОСТ 32513-2013/ГОСТ 32513-2023, ст.
Аллагуват (ст. отправления ОТП)",ст. Аллагуват,4020,260190060,28,"0,04",64702,64724,64730,64724,64702,64730,59
17,A692ANK060F,"Бензин (АИ-92-К5) (ГОСТ 32513-2013/ГОСТ 32513-2023),
Ангарск-группа станций (ст. отправления)","Ангарск-группа
станций",2160,138544080,23,"0,04",64124,64141,64147,64141,64123,64147,20
18,A692ASO005A,"Бензин (АИ-92-К5), ГОСТ 32513-2013/ГОСТ 32513-2023, АСН
Сургутский ЗСК (самовывоз автотранспортом)",АСН Сургутский ЗСК,30,1950000,-,-,65000,65000,65000,65000,65000,65000,1
19,A692AVM005A,"Бензин (АИ-92-К5), ГОСТ 32513-2013/ГОСТ 32513-2023, СН
КНПЗ (самовывоз автотранспортом)",СН КНПЗ,-,-,-,-,-,-,-,78500,77000,-,-
20,A692BIN060J,"Бензин (АИ-92-К5) (ГОСТ 32513-2013/ГОСТ 32513-2023), ст.
Биклянь (ст. отправления ОТП)",ст. Биклянь,-,-,-,-,-,-,-,62966,-,62972,-
21,A692BTC060J,"Бензин (АИ-92-К5), ГОСТ 32513-2013/ГОСТ 32513-2023, БП
(б.т.ц.) Осенцы (ст. отправления ОТП)",БП (б.т.ц.) Осенцы,720,45926520,19,"0,03",63774,63787,63792,63787,63774,63793,12
22,A692BUH010A,"Бензин (АИ-92-К5) ГОСТ 32513-2013/ГОСТ 32513-2023, НБ
Бузулукская (самовывоз автотранспортом)",НБ Бузулукская,-,-,-,-,-,-,-,71000,-,-,-
23,A692CIL060F,"Бензин (АИ-92-К5), ГОСТ 32513-2013/ГОСТ 32513-2023, ст.
Цильна (ст. отправления)",ст. Цильна,-,-,-,-,-,-,-,-,-,65500,-
24,A692CIY005A,"Бензин (АИ-92-К5), ГОСТ 32513-2013/ГОСТ 32513-2023, НБ
Цимлянская (самовывоз автотранспортом)",НБ Цимлянская,-,-,-,-,-,-,-,-,77000,-,-
25,A692DZM060F,"Бензин (АИ-92-К5) (ГОСТ 32513-2013/ГОСТ 32513-2023), ст.
Дземги (ст. отправления)",ст. Дземги,600,42914400,19,"0,03",71512,71524,71530,71524,71500,71531,9
26,A692FIA005A,"Бензин (АИ-92-К5), ГОСТ 32513-2013/ГОСТ 32513-2023, Усть-
Кутский цех (самовывоз автотранспортом)",Усть-Кутский цех,-,-,-,-,-,-,-,-,75000,-,-
27,A692FME025A,"Бензин (АИ-92-К5) ГОСТ 32513-2013/ГОСТ 32513-2023, НБ
Ростовская, Фирма Леонтий (самовывоз автотранспортом)","НБ Ростовская,
Фирма Леонтий",-,-,-,-,-,-,-,-,76000,-,-
28,A692INF025A,"Бензин (АИ-92-К5), ГОСТ 32513-2013/ГОСТ 32513-2023, НБ
Информат (самовывоз автотранспортом)",НБ Информат,-,-,-,-,-,-,-,-,65300,-,-
29,A692KDK005A,"Бензин (АИ-92-К5) ГОСТ 32513-2013/ГОСТ 32513-2023, НБ
Краснодарская (самовывоз автотранспортом)",НБ Краснодарская,-,-,-,-,-,-,-,-,78202,-,-
30,A692KDM005A,"Бензин (АИ-92-К5), ГОСТ 32513-2013/ГОСТ 32513-2023, НБ
Кудьминская (самовывоз автотранспортом)",НБ Кудьминская,25,1725000,-,-,69000,69000,69000,69000,69000,69000,1
31,A692KGY005A,"Бензин (АИ-92-К5), ГОСТ 32513-2013/ГОСТ 32513-2023, НБ
Когалым (самовывоз автотранспортом)",НБ Когалым,15,1120950,-,-,74730,74730,74730,74730,74730,74730,1
32,A692KLT005A,"Бензин (АИ-92-К5) ГОСТ 32513-2013/ГОСТ 32513-2023,
Култукский цех (самовывоз автотранспортом)",Култукский цех,-,-,-,-,-,-,-,-,73101,-,-
33,A692KOB060F,"Бензин (АИ-92-К5) (ГОСТ 32513-2013/ГОСТ 32513-2023), ст.
Комбинатская (ст. отправления)",ст. Комбинатская,1380,85022640,19,"0,03",61598,61611,61616,61611,61597,61617,18
34,A692KOB060J,"Бензин (АИ-92-К5) (ГОСТ 32513-2013/ГОСТ 32513-2023), ст.
Комбинатская (ст. отправления ОТП)",ст. Комбинатская,-,-,-,-,-,-,-,-,-,61701,-
35,A692LHI005A,"Бензин (АИ-92-К5) ГОСТ 32513-2013/ГОСТ 32513-2023, НБ
Лиховская (самовывоз автотранспортом)",НБ Лиховская,-,-,-,-,-,-,-,-,77000,-,-
36,A692LTN025A,"Бензин (АИ-92-К5) (ГОСТ 32513-2013/ГОСТ 32513-2023), НБ
Латная (самовывоз автотранспортом)",НБ Латная,-,-,-,-,-,-,-,-,73500,-,-
37,A692LUL060J,"Бензин (АИ-92-К5) (ГОСТ 32513-2013/ГОСТ 32513-2023),
Волгоград-группа станций (ст. отправления ОТП)","Волгоград-группа
станций",900,60844800,23,"0,03",67589,67605,67612,67605,67582,67612,15
38,A692LUP060J,"Бензин (АИ-92-К5) (ГОСТ 32513-2013/ГОСТ 32513-2023),
Пермь (ст. отправления ОТП)",Пермь,-,-,-,-,-,-,-,-,-,63700,-
39,A692MEO005A,"Бензин (АИ-92-К5), ГОСТ 32513-2013/ГОСТ 32513-2023,
Мегион-150 БП (самовывоз автотранспортом)",Мегион-150 БП,-,-,-,-,-,-,-,-,65500,-,-
40,A692MID005A,"Бензин (АИ-92-К5), ГОСТ 32513-2013/ГОСТ 32513-2023,
Минеральные воды (самовывоз автотранспортом)",Минеральные воды,-,-,-,-,-,-,-,75500,-,-,-
41,A692MIE005A,"Бензин (АИ-92-К5) ГОСТ 32513-2013/ГОСТ 32513-2023, НБ
Миллеровская (самовывоз автотранспортом)",НБ Миллеровская,-,-,-,-,-,-,-,-,77000,-,-
42,A692MOB005A,"Бензин (АИ-92-К5), ГОСТ 32513-2013/ГОСТ 32513-2023,
Московская обл. Северо-Восток БП (самовывоз
автотранспортом)","Московская обл.
Северо-Восток БП",-,-,-,-,-,-,-,70500,70500,70000,-
43,A692NFT005A,"Бензин (АИ-92-К5) ГОСТ 32513-2013/ГОСТ 32513-2023, НБ
Ростовская (самовывоз автотранспортом)",НБ Ростовская,-,-,-,-,-,-,-,-,77000,-,-
44,A692NIC005A,"Бензин (АИ-92-К5), ГОСТ 32513-2013/ГОСТ 32513-2023,
Нижнеудинский цех (самовывоз автотранспортом)",Нижнеудинский цех,-,-,-,-,-,-,-,-,71300,-,-
45,A692NIL060F,"Бензин (АИ-92-К5), ГОСТ 32513-2013/ГОСТ 32513-2023, ст.
Никель (ст. отправления)",ст. Никель,120,7745040,9,"0,01",64539,64542,64545,64542,64539,64548,2
46,A692NOV060F,"Бензин (АИ-92-К5) (ГОСТ 32513-2013/ГОСТ 32513-2023), ст.
Новая Еловка (ст. отправления)",ст. Новая Еловка,660,42347160,16,"0,02",64152,64162,64167,64162,64151,64168,8
47,A692NOV060J,"Бензин (АИ-92-К5), ГОСТ 32513-2013/ГОСТ 32513-2023, ст.
Новая Еловка (ст. отправления ОТП)",ст. Новая Еловка,-,-,-,-,-,-,-,-,-,64168,-
48,A692NRF005A,"Бензин (АИ-92-К5), ГОСТ 32513-2013/ГОСТ 32513-2023, НБ г.
Наро-Фоминск (самовывоз автотранспортом)",НБ г. Наро-Фоминск,-,-,-,-,-,-,-,-,72700,-,-
49,A692NRT025A,"Бензин (АИ-92-К5) ГОСТ 32513-2013/ГОСТ 32513-2023, НБ
Никифор (самовывоз автотранспортом)",НБ Никифор,-,-,-,-,-,-,-,-,68000,-,-
50,A692NVY060F,"Бензин (АИ-92-К5) (ГОСТ 32513-2013/ГОСТ 32513-2023), ст.
Новоярославская (ст. отправления)",ст. Новоярославская,540,35326200,20,"0,03",65406,65419,65425,65419,65402,65426,9
51,A692OLN005A,"Бензин (АИ-92-К5) ГОСТ 32513-2013/ГОСТ 32513-2023, НБ
Оленегорская (самовывоз автотранспортом)",НБ Оленегорская,-,-,-,-,-,-,-,77550,-,-,-
52,A692OSN060F,"Бензин (АИ-92-К5) (ГОСТ 32513-2013/ГОСТ 32513-2023), ст.
Осенцы (ст. отправления)",ст. Осенцы,120,7651920,9,"0,01",63763,63766,63769,63766,63754,63772,2
53,A692PDL005A,"Бензин (АИ-92-К5), ГОСТ 32513-2013/ГОСТ 32513-2023, НБ г.
Подольск (самовывоз автотранспортом)",НБ г. Подольск,-,-,-,-,-,-,-,-,72700,-,-
54,A692PIP005A,"Бензин (АИ-92-К5), ГОСТ 32513-2013/ГОСТ 32513-2023, НБ
Приоритет (самовывоз автотранспортом)",НБ Приоритет,50,3575000,500,"0,7",71500,71500,71500,71500,71500,71500,2
55,A692PKA060J,"Бензин (АИ-92-К5) ГОСТ 32513-2013/ГОСТ 32513-2023, ст.
Протока (ст. отправления ОТП)",ст. Протока,360,27000000,-,-,75000,75000,75000,75000,75000,75000,2
56,A692PSE005A,"Бензин (АИ-92-К5) ГОСТ 32513-2013/ГОСТ 32513-2023, НБ
Поспелихинская (самовывоз автотранспортом)",НБ Поспелихинская,-,-,-,-,-,-,-,-,70500,-,-
57,A692PUN005A,"Бензин (АИ-92-К5), ГОСТ 32513-2013/ГОСТ 32513-2023, Пункт
автоналива (ЯНОС) (самовывоз автотранспортом)","Пункт автоналива
(ЯНОС)",-,-,-,-,-,-,-,70350,70300,-,-
58,A692PUP060F,"Бензин (АИ-92-К5) (ГОСТ 32513-2013/ГОСТ 32513-2023), ст.
Пурпе (ст. отправления)",ст. Пурпе,-,-,-,-,-,-,-,62000,-,-,-
59,A692RFF060C,"Бензин (АИ-92-К5), ГОСТ 32513-2013/ГОСТ 32513-2023, РФ
БП (ст. назначения)",РФ БП,240,15916800,-,-,65800,65800,67180,65800,65800,67180,4
60,A692ROD005A,"Бензин (АИ-92-К5), ГОСТ 32513-2013/ГОСТ 32513-2023,
Ростов-на-Дону БП (самовывоз автотранспортом)",Ростов-на-Дону БП,245,18497500,-,-,75500,75500,75500,75500,75500,76000,10
61,A692ROR005A,"Бензин (АИ-92-К5), ГОСТ 32513-2013/ГОСТ 32513-2023, НБ
Серпуховская (самовывоз автотранспортом)",НБ Серпуховская,-,-,-,-,-,-,-,-,73000,-,-
62,A692RSN005A,"Бензин (АИ-92-К5), ГОСТ 32513-2013/ГОСТ 32513-2023,
Краснодар БП (самовывоз автотранспортом)",Краснодар БП,80,6040000,-,-,75500,75500,75500,75500,75500,75500,4
63,A692RSS025A,"Бензин (АИ-92-К5) ГОСТ 32513-2013/ГОСТ 32513-2023,
Рустранснефть НБ (самовывоз автотранспортом)",Рустранснефть НБ,-,-,-,-,-,-,-,-,76000,-,-
64,A692SAU060F,"Бензин (АИ-92-К5) (ГОСТ 32513-2013/ГОСТ 32513-2023),
Самара-группа станций (ст. отправления)","Самара-группа
станций",1500,99165120,25,"0,04",66092,66110,66117,66110,66092,66117,21
65,A692SCI005A,"Бензин (АИ-92-К5) ГОСТ 32513-2013/ГОСТ 32513-2023, НБ
Адлерская (самовывоз автотранспортом)",НБ Адлерская,5,391010,122,"0,16",78202,78202,78202,78202,78202,78202,1
66,A692SLS005A,"Бензин (АИ-92-К5) ГОСТ 32513-2013/ГОСТ 32513-2023, НБ
Сальская (самовывоз автотранспортом)",НБ Сальская,-,-,-,-,-,-,-,-,77000,-,-
67,A692SSI060F,"Бензин (АИ-92-К5) (ГОСТ 32513-2013/ГОСТ 32513-2023),
Саратов-группа станций (ст. отправления)","Саратов-группа
станций",360,23999220,17,"0,03",66655,66665,66669,66665,66652,66672,6
68,A692STI060F,"Бензин (АИ-92-К5) (ГОСТ 32513-2013/ГОСТ 32513-2023), ст.
Стенькино II (ст. отправления)",ст. Стенькино II,600,40412640,19,"0,03",67342,67354,67361,67354,67341,67361,7
69,A692SUR060J,"Бензин (АИ-92-К5), ГОСТ 32513-2013/ГОСТ 32513-2023, ст.
Сургут (ст. отправления ОТП)",ст. Сургут,2040,124996740,25,"0,04",61254,61273,61279,61273,61254,61279,31
70,A692SVS005A,"Бензин (АИ-92-К5), ГОСТ 32513-2013/ГОСТ 32513-2023,
Увекская НБ (самовывоз автотранспортом)",Увекская НБ,25,1787500,-,-,71500,71500,71500,71500,71500,71500,1
71,A692SVZ005A,"Бензин (АИ-92-К5), ГОСТ 32513-2013/ГОСТ 32513-2023, НБ
Связь-Петролеум (самовывоз автотранспортом)",НБ Связь-Петролеум,-,-,-,-,-,-,-,-,71500,-,-
72,A692SZE005A,"Бензин (АИ-92-К5), ГОСТ 32513-2013/ГОСТ 32513-2023,
Стрежевской НПЗ (самовывоз автотранспортом)",Стрежевской НПЗ,30,1859010,-353,"-0,57",61427,61967,62337,61967,61427,62537,3
73,A692TED025A,"Бензин (АИ-92-К5) ГОСТ 32513-2013/ГОСТ 32513-2023, НБ
Тендер (самовывоз автотранспортом)",НБ Тендер,-,-,-,-,-,-,-,-,76000,-,-
74,A692TNZ005A,"Бензин (АИ-92-К5), ГОСТ 32513-2013/ГОСТ 32513-2023, НБ
Транзит-Сервис (самовывоз автотранспортом)",НБ Транзит-Сервис,-,-,-,-,-,-,-,-,71000,-,-
75,A692TPK005A,"Бензин (АИ-92-К5), ГОСТ 32513-2013/ГОСТ 32513-2023, НБ
Волганефтьхолдинг (самовывоз автотранспортом)","НБ
Волганефтьхолдинг",-,-,-,-,-,-,-,-,71000,-,-
76,A692TUK005A,"Бензин (АИ-92-К5), ГОСТ 32513-2013/ГОСТ 32513-2023,
Тулунский цех (самовывоз автотранспортом)",Тулунский цех,-,-,-,-,-,-,-,-,72700,-,-
77,A692UFM060F,"Бензин (АИ-92-К5) (ГОСТ 32513-2013/ГОСТ 32513-2023), Уфа-
группа станций (ст. отправления)",Уфа-группа станций,720,46323060,18,"0,03",64326,64338,64343,64338,64325,64344,12
78,A692UFS010A,"Бензин (АИ-92-К5), ГОСТ 32513-2013/ГОСТ 32513-2023,
Уфимская НБ (самовывоз автотранспортом)",Уфимская НБ,110,7496500,-150,"-0,22",68150,68150,68150,68150,68150,68150,3
79,A692URF005A,"Бензин (АИ-92-К5), ГОСТ 32513-2013/ГОСТ 32513-2023, ТПП
Урайнефтегаз (самовывоз автотранспортом)",ТПП Урайнефтегаз,10,747300,-,-,74730,74730,74730,74730,74730,74730,1
80,A692URT005A,"Бензин (АИ-92-К5), ГОСТ 32513-2013/ГОСТ 32513-2023,
Сургут-25 БП (самовывоз автотранспортом)",Сургут-25 БП,235,15392500,-,-,65500,65500,65500,65500,65500,65500,11
81,A692VAC005A,"Бензин (АИ-92-К5), ГОСТ 32513-2013/ГОСТ 32513-2023, НБ
Владикавказ (самовывоз автотранспортом)",НБ Владикавказ,-,-,-,-,-,-,-,75500,-,-,-
82,A692VGZ005A,"Бензин (АИ-92-К5), ГОСТ 32513-2013/ГОСТ 32513-2023, НБ
Волгоградская (самовывоз автотранспортом)",НБ Волгоградская,-,-,-,-,-,-,-,-,77000,-,-
83,A692VIK005A,"Бензин (АИ-92-К5) ГОСТ 32513-2013/ГОСТ 32513-2023,
Вихоревский цех (самовывоз автотранспортом)",Вихоревский цех,-,-,-,-,-,-,-,-,72200,-,-
84,A692VLA060J,"Бензин (АИ-92-К5) (ГОСТ 32513-2013/ГОСТ 32513-2023), ст.
Ветласян (ст. отправления ОТП)",ст. Ветласян,240,15235800,13,"0,02",63476,63483,63487,63483,63470,63489,4
85,A692VRL005A,"Бензин (АИ-92-К5), ГОСТ 32513-2013/ГОСТ 32513-2023,
Воронеж-Липецк БП (самовывоз автотранспортом)",Воронеж-Липецк БП,50,3650000,-,-,73000,73000,73000,73000,73000,73000,1
86,A692YAI060F,"Бензин (АИ-92-К5) (ГОСТ 32513-2013/ГОСТ 32513-2023), ст.
Яничкино (ст. отправления)",ст. Яничкино,600,40055340,17,"0,03",66749,66759,66764,66759,66749,66766,8
87,A692YAI060J,"Бензин (АИ-92-К5) (ГОСТ 32513-2013/ГОСТ 32513-2023), ст.
Яничкино (ст. отправления ОТП)",ст. Яничкино,-,-,-,-,-,-,-,-,-,66800,-
88,A692ZEL060F,"Бензин (АИ-92-К5) (ГОСТ 32513-2013/ГОСТ 32513-2023), ст.
Зелецино (ст. отправления)",ст. Зелецино,-,-,-,-,-,-,-,-,-,62000,-
89,A692ZHL005A,"Бензин (АИ-92-К5) ГОСТ 32513-2013/ГОСТ 32513-2023,
Жилкинский цех (самовывоз автотранспортом)",Жилкинский цех,-,-,-,-,-,-,-,-,72400,-,-
90,A695ABS005A,"Бензин (АИ-95-К5) ГОСТ 32513-2013/ГОСТ 32513-2023, НБ
Абаканская (самовывоз автотранспортом)",НБ Абаканская,-,-,-,-,-,-,-,-,74300,-,-
91,A695ACH005A,"Бензин (АИ-95-К5) ГОСТ 32513-2013/ГОСТ 32513-2023,
Ачинский НПЗ (самовывоз автотранспортом)",Ачинский НПЗ,-,-,-,-,-,-,-,-,70500,-,-
92,A695ALL060J,"Бензин (АИ-95-К5), ГОСТ 32513-2013/ГОСТ 32513-2023, ст.
Аллагуват (ст. отправления ОТП)",ст. Аллагуват,3000,205001160,30,"0,04",68311,68334,68341,68334,68311,68341,36
93,A695ANK060F,"Бензин (АИ-95-К5) (ГОСТ 32513-2013/ГОСТ 32513-2023),
Ангарск-группа станций (ст. отправления)","Ангарск-группа
станций",540,38235300,19,"0,03",70794,70806,70812,70806,70793,70813,8
94,A695AVM005A,"Бензин (АИ-95-К5) ГОСТ 32513-2013/ГОСТ 32513-2023, СН
КНПЗ (самовывоз автотранспортом)",СН КНПЗ,-,-,-,-,-,-,-,-,81200,-,-
95,A695BIN060J,"Бензин (АИ-95-К5) (ГОСТ 32513-2013/ГОСТ 32513-2023), ст.
Биклянь (ст. отправления ОТП)",ст. Биклянь,-,-,-,-,-,-,-,-,71000,70000,-
96,A695BPI060J,"Бензин (АИ-95-К5) (ГОСТ 32513-2013/ГОСТ 32513-2023), БП
(б.т.ц.) Войновка (ст. отправления ОТП)",БП (б.т.ц.) Войновка,240,16156260,15,"0,02",67310,67318,67323,67318,67310,67325,4
97,A695BTC060J,"Бензин (АИ-95-К5) (ГОСТ 32513-2013/ГОСТ 32513-2023), БП
(б.т.ц.) Осенцы (ст. отправления ОТП)",БП (б.т.ц.) Осенцы,300,20756460,16,"0,02",69179,69188,69194,69188,69179,69195,5
98,A695BUH010A,"Бензин (АИ-95-К5) ГОСТ 32513-2013/ГОСТ 32513-2023, НБ
Бузулукская (самовывоз автотранспортом)",НБ Бузулукская,-,-,-,-,-,-,-,74000,-,-,-
99,A695CIY005A,"Бензин (АИ-95-К5) ГОСТ 32513-2013/ГОСТ 32513-2023, НБ
Цимлянская (самовывоз автотранспортом)",НБ Цимлянская,-,-,-,-,-,-,-,-,80500,-,-
100,A695DZM060F,"Бензин (АИ-95-К5) (ГОСТ 32513-2013/ГОСТ 32513-2023), ст.
Дземги (ст. отправления)",ст. Дземги,300,23006220,18,"0,02",76677,76687,76694,76687,76675,76695,5
101,A695ENU025A,"Бензин (АИ-95-К5) (ГОСТ 32513-2013/ГОСТ 32513-2023),
Елховский НПЗ (самовывоз автотранспортом)",Елховский НПЗ,50,3750000,-,-,75000,75000,75000,75000,75000,75000,1
102,A695INF025A,"Бензин (АИ-95-К5), ГОСТ 32513-2013/ГОСТ 32513-2023, НБ
Информат (самовывоз автотранспортом)",НБ Информат,-,-,-,-,-,-,-,-,70650,-,-
103,A695JEF005A,"Бензин (АИ-95-К5) ГОСТ 32513-2013/ГОСТ 32513-2023, НБ
Энгельская (самовывоз автотранспортом)",НБ Энгельская,-,-,-,-,-,-,-,75700,75700,-,-
104,A695KGY005A,"Бензин (АИ-95-К5) по ГОСТ, НБ Когалым (самовывоз
автотранспортом)",НБ Когалым,10,775100,-,-,77510,77510,77510,77510,77510,77510,1
105,A695LHI005A,"Бензин (АИ-95-К5) ГОСТ 32513-2013/ГОСТ 32513-2023, НБ
Лиховская (самовывоз автотранспортом)",НБ Лиховская,-,-,-,-,-,-,-,-,80500,-,-
106,A695LUL060J,"Бензин (АИ-95-К5) (ГОСТ 32513-2013/ГОСТ 32513-2023),
Волгоград-группа станций (ст. отправления ОТП)","Волгоград-группа
станций",360,26136480,17,"0,02",72591,72601,72607,72601,72584,72608,6
107,A695MEO005A,"Бензин (АИ-95-К5), ГОСТ 32513-2013/ГОСТ 32513-2023,
Мегион-150 БП (самовывоз автотранспортом)",Мегион-150 БП,-,-,-,-,-,-,-,-,70500,-,-
108,A695MID005A,"Бензин (АИ-95-К5), ГОСТ 32513-2013/ГОСТ 32513-2023,
Минеральные воды (самовывоз автотранспортом)",Минеральные воды,-,-,-,-,-,-,-,79000,-,77500,-
109,A695MIE005A,"Бензин (АИ-95-К5) ГОСТ 32513-2013/ГОСТ 32513-2023, НБ
Миллеровская (самовывоз автотранспортом)",НБ Миллеровская,-,-,-,-,-,-,-,-,80500,-,-
110,A695NFT005A,"Бензин (АИ-95-К5) ГОСТ 32513-2013/ГОСТ 32513-2023, НБ
Ростовская (самовывоз автотранспортом)",НБ Ростовская,-,-,-,-,-,-,-,-,80500,-,-
111,A695NOV060F,"Бензин (АИ-95-К5) (ГОСТ 32513-2013/ГОСТ 32513-2023), ст.
Новая Еловка (ст. отправления)",ст. Новая Еловка,780,52021080,21,"0,03",66680,66694,66700,66694,66679,66701,11
112,A695NOV060J,"Бензин (АИ-95-К5), ГОСТ 32513-2013/ГОСТ 32513-2023, ст.
Новая Еловка (ст. отправления ОТП)",ст. Новая Еловка,-,-,-,-,-,-,-,-,-,66701,-
113,A695NRT025A,"Бензин (АИ-95-К5) ГОСТ 32513-2013/ГОСТ 32513-2023, НБ
Никифор (самовывоз автотранспортом)",НБ Никифор,-,-,-,-,-,-,-,-,73000,-,-
114,A695NVY060F,"Бензин (АИ-95-К5) (ГОСТ 32513-2013/ГОСТ 32513-2023), ст.
Новоярославская (ст. отправления)",ст. Новоярославская,600,43229400,20,"0,03",72036,72049,72055,72049,72034,72056,8
115,A695OLN005A,"Бензин (АИ-95-К5) ГОСТ 32513-2013/ГОСТ 32513-2023, НБ
Оленегорская (самовывоз автотранспортом)",НБ Оленегорская,-,-,-,-,-,-,-,85050,-,-,-
116,A695ORR010A,"Бензин (АИ-95-К5) ГОСТ 32513-2013/ГОСТ 32513-2023, НБ
Оренбургская (самовывоз автотранспортом)",НБ Оренбургская,-,-,-,-,-,-,-,74100,-,-,-
117,A695PIP005A,"Бензин (АИ-95-К5), ГОСТ 32513-2013/ГОСТ 32513-2023, НБ
Приоритет (самовывоз автотранспортом)",НБ Приоритет,25,1887500,500,"0,66",75500,75500,75500,75500,75500,75500,1
118,A695PUN005A,"Бензин (АИ-95-К5) ГОСТ 32513-2013/ГОСТ 32513-2023, Пункт
автоналива (ЯНОС) (самовывоз автотранспортом)","Пункт автоналива
(ЯНОС)",-,-,-,-,-,-,-,-,-,76000,-
119,A695RFF060C,"Бензин (АИ-95-К5), ГОСТ 32513-2013/ГОСТ 32513-2023, РФ
БП (ст. назначения)",РФ БП,180,12507000,-,-,68950,-,69750,-,68950,69750,2
120,A695ROD005A,"Бензин (АИ-95-К5), ГОСТ 32513-2013/ГОСТ 32513-2023,
Ростов-на-Дону БП (самовывоз автотранспортом)",Ростов-на-Дону БП,220,17380000,-,-,79000,79000,79000,79000,79000,80000,9
121,A695RSN005A,"Бензин (АИ-95-К5), ГОСТ 32513-2013/ГОСТ 32513-2023,
Краснодар БП (самовывоз автотранспортом)",Краснодар БП,-,-,-,-,-,-,-,-,-,79000,-
122,A695RSS025A,"Бензин (АИ-95-К5) ГОСТ 32513-2013/ГОСТ 32513-2023,
Рустранснефть НБ (самовывоз автотранспортом)",Рустранснефть НБ,-,-,-,-,-,-,-,-,80000,-,-
123,A695SAU060F,"Бензин (АИ-95-К5) (ГОСТ 32513-2013/ГОСТ 32513-2023),
Самара-группа станций (ст. отправления)","Самара-группа
станций",720,50021400,20,"0,03",69461,69474,69481,69474,69459,69481,11
124,A695SER060C,"Бензин (АИ-95-К5), ГОСТ 32513-2013/ГОСТ 32513-2023, БП
Северо-Запад (ст. назначения)",БП Северо-Запад,-,-,-,-,-,-,-,76700,-,-,-
125,A695SLS005A,"Бензин (АИ-95-К5) ГОСТ 32513-2013/ГОСТ 32513-2023, НБ
Сальская (самовывоз автотранспортом)",НБ Сальская,-,-,-,-,-,-,-,-,80500,-,-
126,A695SSI060F,"Бензин (АИ-95-К5) (ГОСТ 32513-2013/ГОСТ 32513-2023),
Саратов-группа станций (ст. отправления)","Саратов-группа
станций",300,21392460,16,"0,02",71299,71308,71314,71308,71298,71315,5
127,A695STI060F,"Бензин (АИ-95-К5) (ГОСТ 32513-2013/ГОСТ 32513-2023), ст.
Стенькино II (ст. отправления)",ст. Стенькино II,960,69350220,23,"0,03",72224,72240,72246,72240,72222,72247,11
128,A695SVS005A,"Бензин (АИ-95-К5) ГОСТ 32513-2013/ГОСТ 32513-2023,
Увекская НБ (самовывоз автотранспортом)",Увекская НБ,-,-,-,-,-,-,-,-,75700,-,-
129,A695SVZ005A,"Бензин (АИ-95-К5), ГОСТ 32513-2013/ГОСТ 32513-2023, НБ
Связь-Петролеум (самовывоз автотранспортом)",НБ Связь-Петролеум,-,-,-,-,-,-,-,75600,76000,-,-
130,A695UFM060F,"Бензин (АИ-95-К5) (ГОСТ 32513-2013/ГОСТ 32513-2023), Уфа-
группа станций (ст. отправления)",Уфа-группа станций,960,65459580,20,"0,03",68174,68187,68193,68187,68172,68194,10
131,A695UFS010A,"Бензин (АИ-95-К5) ГОСТ 32513-2013/ГОСТ 32513-2023,
Уфимская НБ (самовывоз автотранспортом)",Уфимская НБ,20,1439000,-,-,71950,71950,71950,71950,71950,71999,1
132,A695URT005A,"Бензин (АИ-95-К5), ГОСТ 32513-2013/ГОСТ 32513-2023,
Сургут-25 БП (самовывоз автотранспортом)",Сургут-25 БП,140,9870000,-,-,70500,70500,70500,70500,70500,70500,9
133,A695VGZ005A,"Бензин (АИ-95-К5), ГОСТ 32513-2013/ГОСТ 32513-2023, НБ
Волгоградская (самовывоз автотранспортом)",НБ Волгоградская,-,-,-,-,-,-,-,-,81000,-,-
134,A695VLA060J,"Бензин (АИ-95-К5) (ГОСТ 32513-2013/ГОСТ 32513-2023), ст.
Ветласян (ст. отправления ОТП)",ст. Ветласян,120,8385180,11,"0,02",69873,69877,69880,69877,69866,69884,2
135,A695VON060J,"Бензин (АИ-95-К5) (ГОСТ 32513-2013/ГОСТ 32513-2023), ст.
Войновка (ст. отправления ОТП)",ст. Войновка,240,16328880,7,"0,01",68037,68037,68037,68037,68037,68044,4
136,A695YAI060F,"Бензин (АИ-95-К5) (ГОСТ 32513-2013/ГОСТ 32513-2023), ст.
Яничкино (ст. отправления)",ст. Яничкино,960,69816660,17,"0,02",72716,72726,72730,72726,72716,72733,9
137,A695YAI060J,"Бензин (АИ-95-К5) (ГОСТ 32513-2013/ГОСТ 32513-2023), ст.
Яничкино (ст. отправления ОТП)",ст. Яничкино,-,-,-,-,-,-,-,-,-,72800,-
138,A92KRUY060W,"Бензин (АИ-92-К5)-ЕВРО, ст. Рудня-Экспорт (промежуточная
станция)",ст. Рудня-Экспорт,240,16920000,-,-,70500,70500,70500,70500,70500,70500,3
139,A92KZAH060W,"Бензин (АИ-92-К5)-ЕВРО, ст. Завережье-Экспорт
(промежуточная станция)","ст. Завережье-
Экспорт",180,12690000,-,-,70500,70500,70500,70500,70500,70500,1
140,A92KZLY060W,"Бензин (АИ-92-К5)-ЕВРО, ст. Злынка-Экспорт (промежуточная
станция)",ст. Злынка-Экспорт,240,16920000,-,-,70500,70500,70500,70500,70500,70500,4
141,A925KII060F,"Бензин Регуляр-92 (АИ-92-К5), ст. Кириши (ст. отправления)",ст. Кириши,-,-,-,-,-,-,-,-,-,70000,-
142,A926NPT005A,"Бензин (АИ-92-К5) EURO-6, ТАНЕКО (самовывоз
автотранспортом)",ТАНЕКО,350,24875000,71,"0,1",71000,71071,71500,71071,71000,71500,2
143,A926PDK060J,"Бензин (АИ-92-К5) EURO-6, Предкомбинатская-группа станций
(ст. отправления ОТП)","Предкомбинатская-
группа станций",1800,118879080,13,"0,02",66038,66044,66045,66044,66038,66051,13
144,A95KZAH060W,"Бензин (АИ-95-К5)-ЕВРО, ст. Завережье-Экспорт
(промежуточная станция)","ст. Завережье-
Экспорт",-,-,-,-,-,-,-,77000,-,77000,-
145,A95KZLY060W,"Бензин (АИ-95-К5)-ЕВРО, ст. Злынка-Экспорт (промежуточная
станция)",ст. Злынка-Экспорт,60,4560000,300,"0,39",76000,76000,76000,76000,76000,76000,1
146,A953KOB060F,"Бензин Премиум ЕВРО-95 (АИ-95-К5), ст. Комбинатская (ст.
отправления)",ст. Комбинатская,1680,109747980,23,"0,04",65310,65326,65333,65326,65303,65333,22
147,A953KOB060J,"Бензин Премиум ЕВРО-95 (АИ-95-К5), ст. Комбинатская (ст.
отправления ОТП)",ст. Комбинатская,-,-,-,-,-,-,-,-,-,65350,-
148,A956NPT005A,"Бензин (АИ-95-К5) EURO-6, ТАНЕКО (самовывоз
автотранспортом)",ТАНЕКО,200,15080000,299,"0,4",75200,75400,76000,75400,75200,76000,3
149,A956PDK060F,"Бензин (АИ-95-К5) EURO-6, Предкомбинатская-группа станций
(ст. отправления)","Предкомбинатская-
группа станций",-,-,-,-,-,-,-,-,-,69600,-
150,A956PDK060J,"Бензин (АИ-95-К5) EURO-6, Предкомбинатская-группа станций
(ст. отправления ОТП)","Предкомбинатская-
группа станций",-,-,-,-,-,-,-,69450,-,69457,-
151,A983KOB060F,"Бензин Супер ЕВРО-98 (АИ-98-К5), ст. Комбинатская (ст.
отправления)",ст. Комбинатская,-,-,-,-,-,-,-,84500,-,84923,-
152,BD14ACH027A,"Битум нефтяной дорожный марка БНД 100/130 (поставка
наливом), Ачинский НПЗ (самовывоз а/т)",Ачинский НПЗ,-,-,-,-,-,-,-,32000,32000,31500,-
153,BD14ANG027A,"Битум нефтяной дорожный марка БНД 100/130 (поставка
наливом), Ангарская НХК (самовывоз а/т)",Ангарская НХК,-,-,-,-,-,-,-,37000,37000,36500,-
154,BD14ANK065F,"Битум нефтяной дорожный марка БНД 100/130, Ангарск-
группа станций (ст. отправления)","Ангарск-группа
станций",-,-,-,-,-,-,-,-,37000,31000,-
155,BD14NKB027A,"Битум нефтяной дорожный марка БНД 100/130 (поставка
наливом), Новокуйбышевский НПЗ (самовывоз
автотранспортом)","Новокуйбышевский
НПЗ",162,4228200,-,-,26100,26100,26100,26100,26100,26100,2
156,BD14NOV065F,"Битум нефтяной дорожный марка БНД 100/130 (поставка
наливом), ст. Новая Еловка (ст.отправления)",ст. Новая Еловка,390,12480000,-,-,32000,32000,32000,32000,32000,32000,3
157,BD14OMJ025A,"Битум нефтяной дорожный марка БНД 100/130 (поставка
наливом), Омский НПЗ (самовывоз а/т)",Омский НПЗ,-,-,-,-,-,-,-,31800,31800,-,-
158,BD14PIY027A,"Битум нефтяной дорожный марка БНД 100/130 (поставка
наливом), Производственная площадка г. Кстово (самовывоз
автотранспортом)","Производственная
площадка г. Кстово",-,-,-,-,-,-,-,27500,27500,-,-
159,BD51NKB027A,"Битум нефтяной дорожный марка БНД 50/70 (поставка
наливом), Новокуйбышевский НПЗ (самовывоз
автотранспортом)","Новокуйбышевский
НПЗ",405,10570500,-,-,26100,26100,26100,26100,26100,26100,2
160,BD71NKB027A,"Битум нефтяной дорожный марка БНД 70/100 (поставка
наливом), Новокуйбышевский НПЗ (самовывоз
автотранспортом)","Новокуйбышевский
НПЗ",270,7209000,-,-,26700,26700,26700,26700,26700,26700,4
161,BD71NOF027A,"Битум нефтяной дорожный марка БНД 70/100 (поставка
наливом), Ново-Уфимский НПЗ (самовывоз автотранспортом)",Ново-Уфимский НПЗ,378,10773000,-,-,28500,28500,28500,28500,28500,28500,4
162,BD71PIH027A,"Битум нефтяной дорожный марка БНД 70/100 (поставка
наливом), Производственная площадка г. Саратов (самовывоз
автотранспортом)","Производственная
площадка г. Саратов",999,26973000,-,-,27000,27000,27000,27000,27000,27000,5
163,BD71PIY027A,"Битум нефтяной дорожный марка БНД 70/100 (поставка
наливом), Производственная площадка г. Кстово (самовывоз
автотранспортом)","Производственная
площадка г. Кстово",-,-,-,-,-,-,-,27500,27500,26000,-
164,BD71RNT027A,"Битум нефтяной дорожный марка БНД 70/100 (поставка
наливом), Рязанская НПК (самовывоз автотранспортом)",Рязанская НПК,405,10732500,-,-,26500,26500,26500,26500,26500,26500,5
165,BD71SLF027A,"Битум нефтяной дорожный марка БНД 70/100 (поставка
наливом), Ярославнефтеоргсинтез (самовывоз
автотранспортом)","Ярославнефтеоргсин
тез",189,5197500,-,-,27500,27500,27500,27500,27500,27500,5
166,BD71SYZ027A,"Битум нефтяной дорожный марка БНД 70/100 (поставка
наливом), Сызранский НПЗ (самовывоз автотранспортом)",Сызранский НПЗ,-,-,-,-,-,-,-,26700,26700,23500,-
167,BD71UFN027A,"Битум нефтяной дорожный марка БНД 70/100 (поставка
наливом), Уфанефтехим (УНХ) (самовывоз автотранспортом)",Уфанефтехим (УНХ),-,-,-,-,-,-,-,-,-,27000,-
168,BTD1NOF027A,"Битум нефтяной дорожный БНД 90/130 (поставка наливом),
Ново-Уфимский НПЗ (самовывоз автотранспортом)",Ново-Уфимский НПЗ,-,-,-,-,-,-,-,-,-,25500,-
169,BTD2PIC027A,"Битум нефтяной дорожный марка БНД 60/90,
Производственная площадка г. Рязань (самовывоз
автотранспортом)","Производственная
площадка г. Рязань",297,7870500,-,-,26500,26500,26500,26500,26500,26500,3
170,BTD2SSN027A,"Битум нефтяной дорожный марка БНД 60/90, Саратовский
НПЗ (самовывоз автотранспортом)",Саратовский НПЗ,135,3658500,-4,"-0,01",27100,27100,27100,27100,27100,27100,1
171,BTD2SYZ027A,"Битум нефтяной дорожный марка БНД 60/90, Сызранский НПЗ
(самовывоз автотранспортом)",Сызранский НПЗ,2997,77022900,-,-,25700,25700,25700,25700,25700,25700,12
172,DE15KGY005A,"ДТ ЕВРО класс 1 (ДТ-З-К5) минус 26, НБ Когалым (самовывоз
автотранспортом)",НБ Когалым,55,3935250,500,"0,7",71550,71550,71550,71550,71550,71550,1
173,DE18ENU005A,"ДТ сорт E (ДТ-Е-К5) минус 15 по СТО 2018, Елховский НПЗ
(самовывоз автотранспортом)",Елховский НПЗ,75,5175000,-,-,69000,69000,69000,69000,69000,69000,1
174,DE5EBEP010A,"ДТ ЕВРО сорт E (ДТ-Е-К5) минус 15, НБ Белорецкая
(самовывоз автотранспортом)",НБ Белорецкая,-,-,-,-,-,-,-,-,71800,-,-
175,DE5EBUH010A,"ДТ ЕВРО сорт E (ДТ-Е-К5) минус 15, НБ Бузулукская
(самовывоз автотранспортом)",НБ Бузулукская,-,-,-,-,-,-,-,-,72600,-,-
176,DE5EFME025A,"ДТ ЕВРО сорт E (ДТ-Е-К5) минус 15, НБ Ростовская, Фирма
Леонтий (самовывоз автотранспортом)","НБ Ростовская,
Фирма Леонтий",-,-,-,-,-,-,-,-,76500,-,-
177,DE5EKYZ005A,"ДТ ЕВРО сорт E (ДТ-Е-К5) минус 15, НБ Кряжская (самовывоз
автотранспортом)",НБ Кряжская,-,-,-,-,-,-,-,-,72800,-,-
178,DE5ELHI005A,"ДТ ЕВРО сорт E (ДТ-Е-К5) минус 15, НБ Лиховская
(самовывоз автотранспортом)",НБ Лиховская,-,-,-,-,-,-,-,-,75000,-,-
179,DE5ELUN005A,"ДТ ЕВРО сорт E (ДТ-Е-К5) минус 15, Комплексный нефтяной
терминал (самовывоз автотранспортом)","Комплексный
нефтяной терминал",-,-,-,-,-,-,-,-,76000,73000,-
180,DE5EMIE005A,"ДТ ЕВРО сорт E (ДТ-Е-К5) минус 15, НБ Миллеровская
(самовывоз автотранспортом)",НБ Миллеровская,-,-,-,-,-,-,-,-,75000,-,-
181,DE5ENPT025A,"ДТ ЕВРО сорт E (ДТ-Е-К5) минус 15, ТАНЕКО (самовывоз
автотранспортом)",ТАНЕКО,25,1725000,-,-,69000,69000,69000,69000,69000,69000,1
182,DE5ENRT025A,"ДТ ЕВРО сорт E (ДТ-Е-К5) минус 15, НБ Никифор (самовывоз
автотранспортом)",НБ Никифор,-,-,-,-,-,-,-,-,69500,66000,-
183,DE5EORR010A,"ДТ ЕВРО сорт E (ДТ-Е-К5) минус 15, НБ Оренбургская
(самовывоз автотранспортом)",НБ Оренбургская,-,-,-,-,-,-,-,-,72600,-,-
184,DE5EPIP005A,"ДТ ЕВРО сорт E (ДТ-Е-К5) минус 15, НБ Приоритет
(самовывоз автотранспортом)",НБ Приоритет,75,5100000,-,-,68000,68000,68000,68000,68000,68000,3
185,DE5EPSE005A,"ДТ ЕВРО сорт E (ДТ-Е-К5) минус 15, НБ Поспелихинская
(самовывоз автотранспортом)",НБ Поспелихинская,-,-,-,-,-,-,-,-,75950,-,-
186,DE5ERAA010A,"ДТ ЕВРО сорт E (ДТ-Е-К5) минус 15, НБ Раевская (самовывоз
автотранспортом)",НБ Раевская,-,-,-,-,-,-,-,-,71800,-,-
187,DE5EROR005A,"ДТ ЕВРО сорт E (ДТ-Е-К5) минус 15, НБ Серпуховская
(самовывоз автотранспортом)",НБ Серпуховская,-,-,-,-,-,-,-,-,69000,-,-
188,DE5ESIP010A,"ДТ ЕВРО сорт E (ДТ-Е-К5) минус 15, НБ Сибайская
(самовывоз автотранспортом)",НБ Сибайская,-,-,-,-,-,-,-,-,71800,-,-
189,DE5ESLM010A,"ДТ ЕВРО сорт E (ДТ-Е-К5) минус 15, НБ Салаватская
(самовывоз автотранспортом)",НБ Салаватская,-,-,-,-,-,-,-,-,71800,-,-
190,DE5ESLS005A,"ДТ ЕВРО сорт E (ДТ-Е-К5) минус 15, НБ Сальская (самовывоз
автотранспортом)",НБ Сальская,-,-,-,-,-,-,-,-,75500,-,-
191,DE5ETPK005A,"ДТ ЕВРО сорт E (ДТ-Е-К5) минус 15, НБ Волганефтьхолдинг
(самовывоз автотранспортом)","НБ
Волганефтьхолдинг",-,-,-,-,-,-,-,-,70000,-,-
192,DE5ETUY010A,"ДТ ЕВРО сорт E (ДТ-Е-К5) минус 15, Туймазинская НБ
(самовывоз автотранспортом)",Туймазинская НБ,-,-,-,-,-,-,-,-,71800,-,-
193,DE5EZAZ010A,"ДТ ЕВРО сорт E (ДТ-Е-К5) минус 15, НБ Завьяловская
(самовывоз автотранспортом)",НБ Завьяловская,-,-,-,-,-,-,-,-,72500,-,-
194,DE5FLUL065J,"ДТ ЕВРО сорт F (ДТ-Е-К5) минус 20, Волгоград-группа станций
(ст. отправления ОТП)","Волгоград-группа
станций",-,-,-,-,-,-,-,-,-,54225,-
195,DE5FROR005A,"ДТ ЕВРО сорт F (ДТ-Е-К5) минус 20, НБ Серпуховская
(самовывоз автотранспортом)",НБ Серпуховская,-,-,-,-,-,-,-,-,69000,-,-
196,DSC5ACH005A,"ДТ ЕВРО сорт C (ДТ-Л-К5) минус 5, Ачинский НПЗ (самовывоз
автотранспортом)",Ачинский НПЗ,-,-,-,-,-,-,-,74500,74500,73500,-
197,DSC5ALL065J,"ДТ ЕВРО сорт C (ДТ-Л-К5) минус 5, ст. Аллагуват (ст.
отправления ОТП)",ст. Аллагуват,6045,372931715,29,"0,05",61670,61693,61699,61693,61670,61699,64
198,DSC5ANK065F,"ДТ ЕВРО сорт C (ДТ-Л-К5) минус 5, Ангарск-группа станций
(ст. отправления)","Ангарск-группа
станций",4745,344453135,28,"0,04",72572,72593,72600,72593,72572,72600,34
199,DSC5AVM005A,"ДТ ЕВРО сорт C (ДТ-Л-К5) минус 5, СН КНПЗ (самовывоз
автотранспортом)",СН КНПЗ,60,5212500,375,"0,43",86500,86875,88000,86875,86500,88000,3
200,DSC5BIN065J,"ДТ ЕВРО сорт C (ДТ-Л-К5) минус 5, ст. Биклянь (ст.
отправления ОТП)",ст. Биклянь,1105,77380355,18,"0,03",70016,70027,70033,70027,70016,70033,14
201,DSC5BTC065J,"ДТ ЕВРО сорт C (ДТ-Л-К5) минус 5, БП (б.т.ц.) Осенцы (ст.
отправления ОТП)",БП (б.т.ц.) Осенцы,3575,218733970,21,"0,03",61169,61184,61190,61184,61169,61190,29
202,DSC5CHR100U,"ДТ ЕВРО сорт C (ДТ-Л-К5) минус 5, ЛПДС Черкассы (франко-
труба)",ЛПДС Черкассы,-,-,-,-,-,-,-,-,-,65500,-
203,DSC5DZM065F,"ДТ ЕВРО сорт C (ДТ-Л-К5) минус 5, ст. Дземги (ст.
отправления)",ст. Дземги,2210,181745850,-613,"-0,75",82000,82238,82873,82238,81500,82873,26
204,DSC5FTS100U,"ДТ ЕВРО сорт C (ДТ-Л-К5) минус 5, Самарская группа НПЗ
(франко-труба)","Самарская группа
НПЗ",3800,246893300,23,"0,04",64955,64972,64978,64972,64955,64979,23
205,DSC5GUB005A,"ДТ ЕВРО сорт C (ДТ-Л-К5) минус 5, НБ Губкинская (самовывоз
автотранспортом)",НБ Губкинская,-,-,-,-,-,-,-,-,70000,-,-
206,DSC5KDM005A,"ДТ ЕВРО сорт C (ДТ-Л-К5) минус 5, НБ Кудьминская
(самовывоз автотранспортом)",НБ Кудьминская,-,-,-,-,-,-,-,-,70000,65000,-
207,DSC5KOB065F,"ДТ ЕВРО сорт C (ДТ-Л-К5) минус 5, ст. Комбинатская (ст.
отправления)",ст. Комбинатская,3120,201832150,23,"0,04",64673,64690,64696,64690,64667,64696,32
208,DSC5KOB065J,"ДТ ЕВРО сорт C (ДТ-Л-К5) минус 5, ст. Комбинатская (ст.
отправления ОТП)",ст. Комбинатская,-,-,-,-,-,-,-,-,-,64750,-
209,DSC5KSC005A,"ДТ ЕВРО сорт C (ДТ-Л-К5) минус 5, НБ Косыревская
(самовывоз автотранспортом)",НБ Косыревская,-,-,-,-,-,-,-,-,68802,68400,-
210,DSC5LSA100U,"ДТ ЕВРО сорт C (ДТ-Л-К5) минус 5, ЛПДС Салават (франко-
труба)",ЛПДС Салават,1000,63953700,18,"0,03",63942,63954,63959,63954,63942,63960,9
211,DSC5LSS005A,"ДТ ЕВРО сорт C (ДТ-Л-К5) минус 5, Лискинский цех
(самовывоз автотранспортом)",Лискинский цех,140,9632700,-1205,"-1,75",68805,68805,68805,68805,68805,68805,3
212,DSC5LUL065J,"ДТ ЕВРО сорт C (ДТ-Л-К5) минус 5, Волгоград-группа станций
(ст. отправления ОТП)","Волгоград-группа
станций",4355,277454840,22,"0,03",63693,63709,63715,63709,63690,63715,40
213,DSC5NIL065J,"ДТ ЕВРО сорт C (ДТ-Л-К5) минус 5, ст. Никель (ст.
отправления ОТП)",ст. Никель,-,-,-,-,-,-,-,-,-,61700,-
214,DSC5NOV065F,"ДТ ЕВРО сорт C (ДТ-Л-К5) минус 5, ст. Новая Еловка (ст.
отправления)",ст. Новая Еловка,3510,247277160,-703,-1,70000,70449,71166,70449,70000,71166,43
215,DSC5NPA100U,"ДТ ЕВРО сорт C (ДТ-Л-К5) минус 5, ТАНЕКО (франко-труба)",ТАНЕКО,-,-,-,-,-,-,-,-,-,64600,-
216,DSC5NPT025A,"ДТ ЕВРО сорт C (ДТ-Л-К5) минус 5, ТАНЕКО (самовывоз
автотранспортом)",ТАНЕКО,4725,326025000,-,-,69000,69000,69000,69000,69000,69000,13
217,DSC5NRT025A,"ДТ ЕВРО сорт C (ДТ-Л-К5) минус 5, НБ Никифор (самовывоз
автотранспортом)",НБ Никифор,-,-,-,-,-,-,-,-,70500,-,-
218,DSC5NTE005A,"ДТ ЕВРО сорт C (ДТ-Л-К5) минус 5, НБ г. Климовск
(самовывоз автотранспортом)",НБ г. Климовск,-,-,-,-,-,-,-,-,68501,-,-
219,DSC5NVY065F,"ДТ ЕВРО сорт C (ДТ-Л-К5) минус 5, ст. Новоярославская (ст.
отправления)",ст. Новоярославская,2795,179449140,24,"0,04",64186,64204,64209,64204,64186,64210,28
220,DSC5NVY065J,"ДТ ЕВРО сорт C (ДТ-Л-К5) минус 5, ст. Новоярославская (ст.
отправления ОТП)",ст. Новоярославская,-,-,-,-,-,-,-,-,-,64301,-
221,DSC5OSN065F,"ДТ ЕВРО сорт C (ДТ-Л-К5) минус 5, ст. Осенцы (ст.
отправления)",ст. Осенцы,325,20053085,14,"0,02",61694,61702,61707,61702,61680,61708,5
222,DSC5PKA060J,"ДТ ЕВРО сорт C (ДТ-Л-К5) минус 5, ст. Протока (ст.
отправления ОТП)",ст. Протока,-,-,-,-,-,-,-,79900,-,-,-
223,DSC5POF005A,"ДТ ЕВРО сорт C (ДТ-Л-К5) минус 5, НБ Пром-Нефть-Сервис
(самовывоз автотранспортом)","НБ Пром-Нефть-
Сервис",80,5505000,-,-,68500,68813,69000,68813,68500,69800,3
224,DSC5POF100P,"ДТ ЕВРО сорт C (ДТ-Л-К5) минус 5, НБ Пром-Нефть-Сервис
(франко-резервуар)","НБ Пром-Нефть-
Сервис",500,34250000,-,-,68500,68500,68500,68500,68500,68500,1
225,DSC5PUN005A,"ДТ ЕВРО сорт C (ДТ-Л-К5) минус 5, Пункт автоналива (ЯНОС)
(самовывоз автотранспортом)","Пункт автоналива
(ЯНОС)",-,-,-,-,-,-,-,69513,69500,68000,-
226,DSC5RFF060C,"ДТ ЕВРО сорт C (ДТ-Л-К5) минус 5, РФ БП (ст. назначения)",РФ БП,1260,90676200,-,-,69900,71000,73540,71000,69900,73540,8
227,DSC5RNT100U,"ДТ ЕВРО сорт C (ДТ-Л-К5) минус 5, Рязанская НПК (франко-
труба)",Рязанская НПК,1400,91046300,19,"0,03",65021,65033,65039,65033,65021,65040,9
228,DSC5ROD005A,"ДТ ЕВРО сорт C (ДТ-Л-К5) минус 5, Ростов-на-Дону БП
(самовывоз автотранспортом)",Ростов-на-Дону БП,-,-,-,-,-,-,-,72500,-,-,-
229,DSC5ROR005A,"ДТ ЕВРО сорт C (ДТ-Л-К5) минус 5, НБ Серпуховская
(самовывоз автотранспортом)",НБ Серпуховская,-,-,-,-,-,-,-,-,69000,-,-
230,DSC5RSN005A,"ДТ ЕВРО сорт C (ДТ-Л-К5) минус 5, Краснодар БП (самовывоз
автотранспортом)",Краснодар БП,80,5880000,-500,"-0,68",73500,73500,73500,73500,73500,73500,3
231,DSC5SAU065F,"ДТ ЕВРО сорт C (ДТ-Л-К5) минус 5, Самара-группа станций
(ст. отправления)","Самара-группа
станций",715,44995340,18,"0,03",62919,62931,62936,62931,62918,62937,9
232,DSC5SLF100U,"ДТ ЕВРО сорт C (ДТ-Л-К5) минус 5, Ярославнефтеоргсинтез
(франко-труба)","Ярославнефтеоргсин
тез",300,19432200,10,"0,02",64770,64774,64776,64774,64770,64780,2
233,DSC5SSI065F,"ДТ ЕВРО сорт C (ДТ-Л-К5) минус 5, Саратов-группа станций
(ст. отправления)","Саратов-группа
станций",1040,67359695,19,"0,03",64756,64769,64775,64769,64756,64775,13
234,DSC5STI065F,"ДТ ЕВРО сорт C (ДТ-Л-К5) минус 5, ст. Стенькино II (ст.
отправления)",ст. Стенькино II,4030,256314630,25,"0,04",63583,63602,63608,63602,63583,63608,42
235,DSC5SVS005A,"ДТ ЕВРО сорт C (ДТ-Л-К5) минус 5, Увекская НБ (самовывоз
автотранспортом)",Увекская НБ,-,-,-,-,-,-,-,-,70500,-,-
236,DSC5SYC005A,"ДТ ЕВРО сорт C (ДТ-Л-К5) минус 5, НБ Сызранская
(самовывоз автотранспортом)",НБ Сызранская,-,-,-,-,-,-,-,-,73300,-,-
237,DSC5TIF100U,"ДТ ЕВРО сорт C (ДТ-Л-К5) минус 5, ТАИФ-НК (франко-труба)",ТАИФ-НК,-,-,-,-,-,-,-,-,-,64000,-
238,DSC5TMB005A,"ДТ ЕВРО сорт C (ДТ-Л-К5) минус 5, Тамбовская НБ
(самовывоз автотранспортом)",Тамбовская НБ,-,-,-,-,-,-,-,-,68405,67000,-
239,DSC5UFM065F,"ДТ ЕВРО сорт C (ДТ-Л-К5) минус 5, Уфа-группа станций (ст.
отправления)",Уфа-группа станций,5915,363928760,28,"0,05",61504,61526,61532,61526,61504,61532,47
240,DSC5VAC005A,"ДТ ЕВРО сорт C (ДТ-Л-К5) минус 5, НБ Владикавказ
(самовывоз автотранспортом)",НБ Владикавказ,10,741000,100,"0,13",74100,74100,74100,74100,74100,74500,1
241,DSC5VLA065J,"ДТ ЕВРО сорт C (ДТ-Л-К5) минус 5, ст. Ветласян (ст.
отправления ОТП)",ст. Ветласян,650,42914625,14,"0,02",66016,66023,66027,66023,66000,66027,9
242,DSC5VON065J,"ДТ ЕВРО сорт C (ДТ-Л-К5) минус 5, ст. Войновка (ст.
отправления ОТП)",ст. Войновка,1495,98764185,7,"0,01",66063,66063,66063,66063,66063,66070,16
243,DSC5VRZ005A,"ДТ ЕВРО сорт C (ДТ-Л-К5) минус 5, Воронежский цех
(самовывоз автотранспортом)",Воронежский цех,75,5138750,-2083,"-3,04",68510,68517,68530,68517,68510,68530,3
244,DSC5YAI065F,"ДТ ЕВРО сорт C (ДТ-Л-К5) минус 5, ст. Яничкино (ст.
отправления)",ст. Яничкино,1885,121478630,16,"0,02",64435,64445,64450,64445,64435,64451,18
245,DSC5YAI065J,"ДТ ЕВРО сорт C (ДТ-Л-К5) минус 5, ст. Яничкино (ст.
отправления ОТП)",ст. Яничкино,-,-,-,-,-,-,-,-,-,65301,-
246,DSC5ZEL065J,"ДТ ЕВРО сорт C (ДТ-Л-К5) минус 5, ст. Зелецино (ст.
отправления ОТП)",ст. Зелецино,-,-,-,-,-,-,-,-,-,63500,-
247,DST5BYY001O,"ДТ ЕВРО, летнее, сорта C, эк. класса К5 марки ДТ-Л-К5 по
ГОСТ 32511-2013, НП Брянск (франко-резервуар ОТП",НП Брянск,25,1706250,250,"0,37",68250,68250,68250,68250,68200,68250,1
248,DST5CHR001O,"ДТ ЕВРО, летнее, сорта C, эк. класса К5 марки ДТ-Л-К5 по
ГОСТ 32511-2013, ЛПДС Черкассы (франко-резервуар ОТП
Транснефть)",ЛПДС Черкассы,917,59736841,70,"0,11",65050,65144,65300,65144,58630,65300,30
249,DST5NIK001O,"ДТ ЕВРО, летнее, сорта C, эк. класса К5 марки ДТ-Л-К5 по
ГОСТ 32511-2013, ЛПДС Никольское-1 (франко-резервуар
ОТП Транснефть)",ЛПДС Никольское-1,267,18039309,341,"0,5",61657,68513,68600,68513,61657,68600,9
250,DST5NVL001O,"ДТ ЕВРО, летнее, сорта C, эк. класса К5 марки ДТ-Л-К5 по
ГОСТ 32511-2013, ЛПДС Невская (франко-резервуар ОТП",ЛПДС Невская,427,31751790,30,"0,04",73000,74360,74550,74360,73000,74550,15
251,DST5SLN001O,"ДТ ЕВРО, летнее, сорта C, эк. класса К5 марки ДТ-Л-К5 по
ГОСТ 32511-2013, НС Солнечногорская (франко-резервуар
ОТП Транснефть)",НС Солнечногорская,-,-,-,-,-,-,-,-,69000,67501,-
252,DST5VLD001O,"ДТ ЕВРО, летнее, сорта C, эк. класса К5 марки ДТ-Л-К5 по
ГОСТ 32511-2013, ЛПДС Володарская (франко-резервуар
ОТП Транснефть)",ЛПДС Володарская,250,16877500,-393,"-0,58",67350,67510,68000,67510,67350,68000,7
253,DTCENPT025A,"ДТ сорт C (ДТ-Л-К5) минус 5 EURO-6, ТАНЕКО (самовывоз
автотранспортом)",ТАНЕКО,-,-,-,-,-,-,-,-,69000,-,-
254,DTEUNPT025A,"ДТ сорт E (ДТ-Е-К5) минус 15 ""EURO-6"", ТАНЕКО (самовывоз
а/т)",ТАНЕКО,50,3450000,-,-,69000,69000,69000,69000,69000,69000,2
255,DTSNRUY060W,"ДТ сорт C (ДТ-Л-К5) минус 5, ст. Рудня-Экспорт
(промежуточная станция)",ст. Рудня-Экспорт,180,12330000,-,-,68500,68500,68500,68500,68500,68500,3
256,DTSNZAH060W,"ДТ сорт C (ДТ-Л-К5) минус 5, ст. Завережье-Экспорт
(промежуточная станция)","ст. Завережье-
Экспорт",420,28770000,-,-,68500,68500,68500,68500,68500,68500,3
257,DTSNZLY060W,"ДТ сорт C (ДТ-Л-К5) минус 5, ст. Злынка-Экспорт
(промежуточная станция)",ст. Злынка-Экспорт,-,-,-,-,-,-,-,-,-,68500,-
258,DT20RUY060W,"ДТ сорт F (ДТ-Е-К5) минус 20, ст. Рудня-Экспорт
(промежуточная станция)",ст. Рудня-Экспорт,240,16440000,-,-,68500,68500,68500,68500,68500,68500,2
259,DT20ZAH060W,"ДТ сорт F (ДТ-Е-К5) минус 20, ст. Завережье-Экспорт
(промежуточная станция)","ст. Завережье-
Экспорт",-,-,-,-,-,-,-,-,68500,66001,-
260,DT32MUU005A,"ДТ (ДТ-З-К5) минус 32, НБ Мурманская (самовывоз
автотранспортом)",НБ Мурманская,-,-,-,-,-,-,-,-,81450,-,-
261,DT32NVY065F,"ДТ (ДТ-З-К5) минус 32, ст. Новоярославская (ст. отправления)",ст. Новоярославская,-,-,-,-,-,-,-,-,-,99990,-
262,DT32NVY065J,"ДТ (ДТ-З-К5) минус 32, ст. Новоярославская (ст. отправления
ОТП)",ст. Новоярославская,-,-,-,-,-,-,-,-,-,99990,-
263,DT32OLN005A,"ДТ (ДТ-З-К5) минус 32, НБ Оленегорская (самовывоз
автотранспортом)",НБ Оленегорская,-,-,-,-,-,-,-,-,84450,-,-
264,DT38VLA065J,"ДТ (ДТ-З-К5) минус 38, ст. Ветласян (ст. отправления ОТП)",ст. Ветласян,-,-,-,-,-,-,-,67874,-,68213,-
265,DT5LKOB065F,"ДТ (ДТ-Л-К5) минус 5 (ТУ 2009), ст. Комбинатская (ст.
отправления)",ст. Комбинатская,1300,83639140,18,"0,03",64326,64338,64343,64338,64320,64344,12
266,DT5LKOB065J,"ДТ (ДТ-Л-К5) минус 5 (ТУ 2009), ст. Комбинатская (ст.
отправления ОТП)",ст. Комбинатская,-,-,-,-,-,-,-,-,-,64330,-
267,DT54ASO005A,"ДТ вид 4 (ДТ-А-К5) минус 44, АСН Сургутский ЗСК (самовывоз
автотранспортом)",АСН Сургутский ЗСК,75,5175000,-31,"-0,04",69000,69000,69000,69000,69000,69000,4
268,DT54INF025A,"ДТ вид 4 (ДТ-А-К5) минус 44, НБ Информат (самовывоз
автотранспортом)",НБ Информат,-,-,-,-,-,-,-,-,70000,-,-
269,DT54SER060C,"ДТ вид 4 (ДТ-А-К5) минус 44, БП Северо-Запад (ст.
назначения)",БП Северо-Запад,2040,158814000,-,-,77850,77850,77850,77850,77850,77850,1
270,DT54SUR065J,"ДТ вид 4 (ДТ-А-К5) минус 44, ст. Сургут (ст. отправления ОТП)",ст. Сургут,1560,101712000,-667,"-1,02",65200,65200,65200,65200,65200,65203,11
271,DT54URT005A,"ДТ вид 4 (ДТ-А-К5) минус 44, Сургут-25 БП (самовывоз
автотранспортом)",Сургут-25 БП,545,37877500,-,-,69500,69500,69500,69500,69500,69500,19
272,DW25ABS005A,"ДТ ЕВРО класс 2 (ДТ-З-К5) минус 32, НБ Абаканская
(самовывоз автотранспортом)",НБ Абаканская,-,-,-,-,-,-,-,-,77900,-,-
273,DW25BIN065J,"ДТ ЕВРО класс 2 (ДТ-З-К5) минус 32, ст. Биклянь (ст.
отправления ОТП)",ст. Биклянь,130,8701030,499,"0,75",66764,66931,67098,66931,66764,67266,2
274,DW25FIA005A,"ДТ ЕВРО класс 2 (ДТ-З-К5) минус 32, Усть-Кутский цех
(самовывоз автотранспортом)",Усть-Кутский цех,-,-,-,-,-,-,-,-,86600,-,-
275,DW25KHC005A,"ДТ ЕВРО класс 2 (ДТ-З-К5) минус 32, Харикский цех
(самовывоз автотранспортом)",Харикский цех,-,-,-,-,-,-,-,-,86701,-,-
276,DW25KLT005A,"ДТ ЕВРО класс 2 (ДТ-З-К5) минус 32, Култукский цех
(самовывоз автотранспортом)",Култукский цех,-,-,-,-,-,-,-,-,85600,-,-
277,DW25KML005A,"ДТ ЕВРО класс 2 (ДТ-З-К5) минус 32, НБ Кочкомская
(самовывоз автотранспортом)",НБ Кочкомская,-,-,-,-,-,-,-,75000,-,-,-
278,DW25NIC005A,"ДТ ЕВРО класс 2 (ДТ-З-К5) минус 32, Нижнеудинский цех
(самовывоз автотранспортом)",Нижнеудинский цех,-,-,-,-,-,-,-,-,85000,-,-
279,DW25PDK065J,"ДТ ЕВРО класс 2 (ДТ-З-К5) минус 32, Предкомбинатская-
группа станций (ст. отправления ОТП)","Предкомбинатская-
группа станций",-,-,-,-,-,-,-,-,69500,-,-
280,DW25PUP065F,"ДТ ЕВРО класс 2 (ДТ-З-К5) минус 32, ст. Пурпе (ст.
отправления)",ст. Пурпе,65,4270500,-1276,"-1,94",65700,65700,65700,65700,65700,65700,1
281,DW25VIK005A,"ДТ ЕВРО класс 2 (ДТ-З-К5) минус 32, Вихоревский цех
(самовывоз автотранспортом)",Вихоревский цех,-,-,-,-,-,-,-,-,85000,-,-
282,DW25ZHL005A,"ДТ ЕВРО класс 2 (ДТ-З-К5) минус 32, Жилкинский цех
(самовывоз автотранспортом)",Жилкинский цех,-,-,-,-,-,-,-,-,84000,-,-
283,JET-ANK065F,"Топливо для реактивных двигателей ТС-1 высший сорт,
Ангарск-группа станций (ст. отправления)","Ангарск-группа
станций",-,-,-,-,-,-,-,87830,88267,79047,-
284,JET-KOB065F,"Топливо для реактивных двигателей ТС-1 высший сорт, ст.
Комбинатская (ст. отправления)",ст. Комбинатская,260,21695960,-33,"-0,04",83446,83446,83446,83446,83000,84314,2
285,JET-NIH065F,"Топливо для реактивных двигателей ТС-1 высший сорт, cт.
Нижневартовск II (ст. отправления)",ст. Нижневартовск II,-,-,-,-,-,-,-,81909,80000,78500,-
286,JET-NOV065F,"Топливо для реактивных двигателей ТС-1 высший сорт, ст.
Новая Еловка (ст. отправления)",ст. Новая Еловка,65,5404360,823,"0,99",83144,83144,83144,83144,82321,83144,1
287,JET-NVY065F,"Топливо для реактивных двигателей ТС-1 высший сорт, ст.
Новоярославская (ст. отправления)",ст. Новоярославская,1300,102797500,-93,"-0,12",79000,79075,79150,79075,79000,79150,5
288,JET-NVY065J,"Топливо для реактивных двигателей ТС-1 высший сорт, ст.
Новоярославская (ст. отправления ОТП)",ст. Новоярославская,-,-,-,-,-,-,-,79200,79000,78500,-
289,JET-PDK065F,"Топливо для реактивных двигателей ТС-1 высший сорт,
Предкомбинатская-группа станций (ст. отправления)","Предкомбинатская-
группа станций",195,15892500,-,-,81500,81500,81500,81500,81500,81500,1
290,JET-SUR060F,"Топливо для реактивных двигателей ТС-1 высший сорт, ст.
Сургут (ст. отправления)",ст. Сургут,60,4800000,-,-,80000,80000,80000,80000,80000,80000,1
291,JET1USI060F,"Топливо для реактивных двигателей ТС-1 первый сорт, ст.
Усинск (ст. отправления)",ст. Усинск,-,-,-,-,-,-,-,-,78000,69000,-
292,MA11ZEL065J,"Мазут топочный М100, не облагаемый акцизом, ст. Зелецино
(ст. отправления ОТП)",ст. Зелецино,-,-,-,-,-,-,-,-,-,14500,-
293,M10ADZM065F,"Мазут топочный М100, не облагаемый акцизом, ст. Дземги (ст.
отправления)",ст. Дземги,-,-,-,-,-,-,-,47520,47100,46450,-
294,M16ASTI065F,"Мазут топочный М100 3,0 малозольный, не облагаемый
акцизом, ст. Стенькино II (ст. отправления)",ст. Стенькино II,715,11699155,1683,"10,29",16147,16362,16711,16362,16147,17012,9
295,M30AANK065F,"Мазут топочный М100 1,5 малозольный, не облагаемый
акцизом, Ангарск-группа станций (ст. отправления)","Ангарск-группа
станций",-,-,-,-,-,-,-,37423,37000,-,-
296,M30ANOV065F,"Мазут топочный М100 1,5 малозольный, не облагаемый
акцизом, ст. Новая Еловка (ст. отправления)",ст. Новая Еловка,520,16484000,-115,"-0,36",31700,31700,31700,31700,31700,31700,7
297,M60AALL065F,"Мазут топочный М100 3,0 зольный, не облагаемый акцизом,
ст. Аллагуват (ст. отправления)",ст. Аллагуват,130,2294500,350,"1,98",17650,17650,17650,17650,17650,17750,1
298,M60AALL065J,"Мазут топочный М100 3,0 зольный, не облагаемый акцизом,
ст. Аллагуват (ст. отправления ОТП)",ст. Аллагуват,130,2301000,233,"1,32",17700,17700,17700,17700,17700,17715,1
299,M60ASSI065F,"Мазут топочный М100 3,0 зольный, не облагаемый акцизом,
Саратов-группа станций (ст. отправления)","Саратов-группа
станций",390,6115135,1285,"8,2",15511,15680,15911,15680,15466,15911,6
300,M60AYAI065F,"Мазут топочный М100 3,0 зольный, не облагаемый акцизом,
ст. Яничкино (ст. отправления)",ст. Яничкино,390,6134830,1279,"8,13",15500,15730,16351,15730,14000,16400,5
301,M70ASAU065F,"Мазут топочный М100 3,5 зольный, не облагаемый акцизом,
Самара-группа станций (ст. отправления)","Самара-группа
станций",1690,26469365,506,"3,23",15556,15662,15722,15662,15556,16600,18
302,M70AUFM065F,"Мазут топочный М100 3,5 зольный, не облагаемый акцизом,
Уфа-группа станций (ст. отправления)",Уфа-группа станций,195,2886000,-258,"-1,74",14800,14800,14800,14800,14800,14800,1
303,OBRENMP025A,"Масло базовое остаточное селективной очистки, НЗМиП
(самовывоз автотранспортом)",НЗМиП,-,-,-,-,-,-,-,-,-,72000,-
304,OBRESAU060F,"Масло базовое остаточное селективной очистки, Самара-
группа станций (ст. отправления)","Самара-группа
станций",60,4320000,-,-,72000,72000,72000,72000,72000,72000,1
305,OD14UFM065F,"Масло моторное М-14В2, Уфа-группа станций (ст.
отправления)",Уфа-группа станций,-,-,-,-,-,-,-,-,84000,-,-
306,OESCBHF025A,"Экстракт нефтяной марка C, Башнефть-Новойл (самовывоз
автотранспортом)",Башнефть-Новойл,-,-,-,-,-,-,-,-,-,43600,-
307,OES-SAU060F,"Экстракт селективной очистки, Самара-группа станций (ст.
отправления)","Самара-группа
станций",-,-,-,-,-,-,-,-,-,33000,-
308,OES6SAU060F,"Экстракт остаточный селективной очистки ПН-6к, Самара-
группа станций (ст. отправления)","Самара-группа
станций",60,3000000,-,-,50000,50000,50000,50000,50000,50000,1
309,OGACSAU060F,"Гач дистиллятный, Самара-группа станций (ст. отправления)","Самара-группа
станций",-,-,-,-,-,-,-,-,41500,-,-
310,OIBSUFM065F,"Масло базовое BS150, Уфа-группа станций (ст. отправления)",Уфа-группа станций,-,-,-,-,-,-,-,-,85100,-,-
311,OII5NMP025A,"Масло индустриальное И-50А, НЗМиП (самовывоз
автотранспортом)",НЗМиП,-,-,-,-,-,-,-,-,-,63610,-
312,OILBNVY060F,"Масло базовое BS, ст. Новоярославская (ст. отправления)",ст. Новоярославская,-,-,-,-,-,-,-,-,85200,-,-
313,OILBSLF025A,"Масло базовое BS, Ярославнефтеоргсинтез (самовывоз а/т)","Ярославнефтеоргсин
тез",-,-,-,-,-,-,-,-,85200,-,-
314,OILNSLF025A,"Масло базовое SN-150, Ярославнефтеоргсинтез (самовывоз
а/т)","Ярославнефтеоргсин
тез",-,-,-,-,-,-,-,-,-,75000,-
315,OILSNVY060F,"Масло базовое SN-80, ст. Новоярославская (ст. отправления)",ст. Новоярославская,-,-,-,-,-,-,-,-,71600,-,-
316,OILVSLF025A,"Масло базовое HVI-4, Ярославнефтеоргсинтез (самовывоз а/т)","Ярославнефтеоргсин
тез",-,-,-,-,-,-,-,-,-,100600,-
317,OIL2SLF025A,"Масло базовое MVI-2, Ярославнефтеоргсинтез (самовывоз
а/т)","Ярославнефтеоргсин
тез",-,-,-,-,-,-,-,-,-,75000,-
318,OIL4SLF025A,"Масло базовое SN-400, Ярославнефтеоргсинтез (самовывоз
а/т)","Ярославнефтеоргсин
тез",-,-,-,-,-,-,-,-,-,73000,-
319,OI12NVY060F,"Масло индустриальное И-12А, ст. Новоярославская (ст.
отправления)",ст. Новоярославская,-,-,-,-,-,-,-,-,71600,-,-
320,OI2AANK065F,"Масло индустриальное И-20А, Ангарск-группа станций (ст.
отправления)","Ангарск-группа
станций",-,-,-,-,-,-,-,-,-,83000,-
321,OI2ASLF025A,"Масло индустриальное И-20А, Ярославнефтеоргсинтез
(самовывоз а/т)","Ярославнефтеоргсин
тез",-,-,-,-,-,-,-,-,-,73000,-
322,OI2AUFM065F,"Масло индустриальное И-20А, Уфа-группа станций (ст.
отправления)",Уфа-группа станций,-,-,-,-,-,-,-,63100,63100,-,-
323,OI4AANK065F,"Масло индустриальное И-40А, Ангарск-группа станций (ст.
отправления)","Ангарск-группа
станций",260,16471000,150,"0,24",63200,63350,63500,63350,63200,64000,4
324,OI4AUFM065F,"Масло индустриальное И-40А, Уфа-группа станций (ст.
отправления)",Уфа-группа станций,195,12967500,-,-,66500,66500,66500,66500,66500,66500,3
325,OI5AANK065F,"Масло индустриальное И-50А, Ангарск-группа станций (ст.
отправления)","Ангарск-группа
станций",-,-,-,-,-,-,-,-,-,60000,-
326,OI5ASAU060F,"Масло индустриальное И-50А, Самара-группа станций (ст.
отправления)","Самара-группа
станций",-,-,-,-,-,-,-,63100,63100,-,-
327,OKSNUFM065F,"Масло компрессорное из сернистых нефтей КС-19, Уфа-группа
станций (ст. отправления)",Уфа-группа станций,-,-,-,-,-,-,-,-,76400,-,-
328,OLE2NMP025A,"Масло индустриальное И-20А, НЗМиП (самовывоз
автотранспортом)",НЗМиП,-,-,-,-,-,-,-,-,-,62500,-
329,OLE2SAU060F,"Масло индустриальное И-20А, Самара-группа станций (ст.
отправления)","Самара-группа
станций",120,7572000,-,-,63100,63100,63100,63100,63100,63100,2
330,OLE4SAU060F,"Масло индустриальное И-40А, Самара-группа станций (ст.
отправления)","Самара-группа
станций",-,-,-,-,-,-,-,-,66500,-,-
331,OMS0BZI065J,"Масло моторное М-10Г2, ст. Бензин (ст. отправления ОТП)",ст. Бензин,-,-,-,-,-,-,-,-,85000,-,-
332,OMS1BZI065J,"Масло моторное М-10Г2К, ст. Бензин (ст. отправления ОТП)",ст. Бензин,-,-,-,-,-,-,-,-,85000,-,-
333,OMS2BZI065J,"Масло моторное М-10ДМ, ст. Бензин (ст. отправления ОТП)",ст. Бензин,-,-,-,-,-,-,-,-,88000,-,-
334,OMS3BZI065J,"Масло моторное М-14В2, ст. Бензин (ст. отправления ОТП)",ст. Бензин,-,-,-,-,-,-,-,-,84000,-,-
335,OMS5BZI065J,"Масло моторное М-16Г2ЦС, ст. Бензин (ст. отправления ОТП)",ст. Бензин,-,-,-,-,-,-,-,-,84000,-,-
336,OMS6BZI065J,"Масло моторное М-8ДМ, ст. Бензин (ст. отправления ОТП)",ст. Бензин,-,-,-,-,-,-,-,-,90000,-,-
337,OMS9BZI065J,"Масло моторное М-8Г2к, ст. Бензин (ст. отправления ОТП)",ст. Бензин,-,-,-,-,-,-,-,-,88000,-,-
338,OMYANVY060F,"Мягчитель ЯПП-М, ст. Новоярославская (ст. отправления)",ст. Новоярославская,-,-,-,-,-,-,-,-,50800,-,-
339,OMYASLF025A,"Мягчитель ЯПП-М, Ярославнефтеоргсинтез (самовывоз а/т)","Ярославнефтеоргсин
тез",-,-,-,-,-,-,-,-,50800,-,-
340,OMYPSLF025A,"Мягчитель ЯПП, Ярославнефтеоргсинтез (самовывоз а/т)","Ярославнефтеоргсин
тез",-,-,-,-,-,-,-,50800,-,-,-
341,OMZTSAU065F,"Мазут-Т, не облагаемый акцизом, Самара-группа станций (ст.
отправления)","Самара-группа
станций",-,-,-,-,-,-,-,-,39500,-,-
342,OM2FUFM065F,"Масло моторное М-8Г2к, Уфа-группа станций (ст.
отправления)",Уфа-группа станций,-,-,-,-,-,-,-,-,88000,-,-
343,OM8BUFM065F,"Масло моторное М-8В, Уфа-группа станций (ст. отправления)",Уфа-группа станций,-,-,-,-,-,-,-,-,87000,-,-
344,OM8DUFM065F,"Масло моторное М-8ДМ, Уфа-группа станций (ст. отправления)",Уфа-группа станций,-,-,-,-,-,-,-,-,90000,-,-
345,OPNSSAU060F,"Парафин нефтяной спичечный Нс, Самара-группа станций (ст.
отправления)","Самара-группа
станций",-,-,-,-,-,-,-,-,48000,-,-
346,OPN6BHF025A,"Масло ПН-6 марка ПН-6к, Башнефть-Новойл (самовывоз
автотранспортом)",Башнефть-Новойл,-,-,-,-,-,-,-,-,-,45900,-
347,OPN6UFM065F,"Масло ПН-6 марка ПН-6к, Уфа-группа станций (ст.
отправления)",Уфа-группа станций,-,-,-,-,-,-,-,-,45900,-,-
348,ORKNKII063S,"Ортоксилол нефтяной, ст. Кириши (самовывоз ж/д)",ст. Кириши,-,-,-,-,-,-,-,-,-,91500,-
349,ORKNUFM060F,"Ортоксилол нефтяной, Уфа-группа станций (ст. отправления)",Уфа-группа станций,120,10860000,500,"0,55",90000,90500,91000,90500,90000,91000,2
350,OTA-UFM065F,"Масло-теплоносительное ароматизированное АМТ-300, Уфа-
группа станций (ст. отправления)",Уфа-группа станций,-,-,-,-,-,-,-,-,65850,-,-
351,OTRAANK065F,"Масло трансформаторное ГК, Ангарск-группа станций (ст.
отправления)","Ангарск-группа
станций",65,5219500,-,-,80300,80300,80300,80300,80300,80300,1
352,O10FUFM065F,"Масло моторное М-10Г2К, Уфа-группа станций (ст.
отправления)",Уфа-группа станций,-,-,-,-,-,-,-,-,85000,-,-
353,O10-UFM065F,"Масло моторное М-10Г2, Уфа-группа станций (ст.
отправления)",Уфа-группа станций,-,-,-,-,-,-,-,-,85000,-,-
354,O16GUFM065F,"Масло моторное М-16Г2ЦС, Уфа-группа станций (ст.
отправления)",Уфа-группа станций,-,-,-,-,-,-,-,-,84000,-,-
355,PCANPDK066F,"Кокс нефтяной анодный марка Б, Предкомбинатская-группа
станций (ст. отправления)","Предкомбинатская-
группа станций",132,1188000,-,-,9000,9000,9000,9000,9000,9000,1
356,PCAWKII040S,"Аммиак безводный сжиженный, марка Б, ст. Кириши
(самовывоз ж/д)",ст. Кириши,-,-,-,-,-,-,-,-,-,18972,-
357,PCAZANU020A,"Газы углеводородные сжиженные для автомобильного
транспорта, Тюменский НПЗ (самовывоз автотранспортом)",Тюменский НПЗ,60,1590000,-,-,26500,26500,26500,26500,26500,28500,2
358,PCA1ANK040S,"Спирт бутиловый нормальный технический марка А высший
сорт, Ангарск-группа станций (самовывоз ж/д)","Ангарск-группа
станций",-,-,-,-,-,-,-,-,-,44000,-
359,PCA1ANK065F,"Спирт бутиловый нормальный технический марка А высший
сорт, Ангарск-группа станций (ст. отправления)","Ангарск-группа
станций",-,-,-,-,-,-,-,-,-,37000,-
360,PCA2AZP005A,"Полистирол вспенивающийся ПСВ-СВ-НМ-МД, Ангарский
завод полимеров (самовывоз автотранспортом)","Ангарский завод
полимеров",-,-,-,-,-,-,-,-,40000,-,-
361,PCA4AZP020A,"Полистирол вспенивающийся ПСВ-СВ-НМ-Р-О марка 4-0,3
второй сорт, Ангарский завод полимеров (самовывоз
автотранспортом)","Ангарский завод
полимеров",-,-,-,-,-,-,-,-,-,80000,-
362,PCA6AZP020A,"Сырьё полиэтиленовое вторичное (гранулят) (поставка в
фасованном виде - мешок 25 кг), Ангарский завод полимеров
(самовывоз автотранспортом)","Ангарский завод
полимеров",-,-,-,-,-,-,-,-,-,86100,-
363,PCA7AZP020A,"Полистирол вспенивающийся ПСВ-СВ-НМ-Р-О марка 6-0,8
первый сорт, Ангарский завод полимеров (самовывоз
автотранспортом)","Ангарский завод
полимеров",-,-,-,-,-,-,-,-,-,92000,-
364,PCA8AZP020A,"Полистирол вспенивающийся ПСВ-СВ-НМ-Р-О марка 2-1,25
первый сорт, Ангарский завод полимеров (самовывоз
автотранспортом)","Ангарский завод
полимеров",-,-,-,-,-,-,-,-,-,77000,-
365,PCA9AZP020A,"Полистирол вспенивающийся ПСВ-СВ-НМ-15 первый сорт,
Ангарский завод полимеров (самовывоз автотранспортом)","Ангарский завод
полимеров",60,4200000,-,-,70000,70000,70000,70000,70000,70000,3
366,PCBANPT025A,"Фракция нормального бутана марка А, ТАНЕКО (самовывоз
автотранспортом)",ТАНЕКО,-,-,-,-,-,-,-,-,34000,-,-
367,PCBAPDK040F,"Фракция нормального бутана марка А, Предкомбинатская-
группа станций (ст. отправления)","Предкомбинатская-
группа станций",40,1320000,-1000,"-3,03",33000,33000,33000,33000,33000,33000,1
368,PCBCPDK042F,"Фракция бутан-бутиленовая марка А, Предкомбинатская-
группа станций (ст. отправления)","Предкомбинатская-
группа станций",-,-,-,-,-,-,-,-,25000,-,-
369,PCBDSAU034F,"Фракция бутан-бутиленовая марка Б, Самара-группа станций
(ст. отправления)","Самара-группа
станций",-,-,-,-,-,-,-,-,-,20000,-
370,PCBMTUJ034F,"Фракция нормального бутана марка высшая, ст. Туймазы (ст.
отправления)",ст. Туймазы,-,-,-,-,-,-,-,-,-,20000,-
371,PCBURUY060W,"Нефрас С2-80/120 высший сорт, ст. Рудня-Экспорт
(промежуточная станция)",ст. Рудня-Экспорт,-,-,-,-,-,-,-,-,105000,88000,-
372,PCBUZAH060W,"Нефрас С2-80/120 высший сорт, ст. Завережье-Экспорт
(промежуточная станция)","ст. Завережье-
Экспорт",-,-,-,-,-,-,-,-,105000,-,-
373,PCB3AZP020A,"Полиэтилен высокого давления марка 10803-020 второй сорт
пленочный (поставка в фасованном виде - мешок 25 кг),
Ангарский завод полимеров (самовывоз автотранспортом)","Ангарский завод
полимеров",-,-,-,-,-,-,-,-,-,120300,-
374,PCB6AZP020A,"Полиэтилен высокого давления марка 10803-020 первый сорт
пленочный (поставка в фасованном виде - мешок 25 кг),
Ангарский завод полимеров (самовывоз автотранспортом)","Ангарский завод
полимеров",-,-,-,-,-,-,-,-,-,120601,-
375,PCB9PDK039F,"Фракция пропан-пропиленовая марка Б, Предкомбинатская-
группа станций (ст. отправления)","Предкомбинатская-
группа станций",39,752739,-359,"-1,86",19301,19301,19301,19301,19301,21800,1
376,PCDAANK027F,"Диметиламин технический, Ангарск-группа станций (ст.
отправления)","Ангарск-группа
станций",-,-,-,-,-,-,-,-,135000,-,-
377,PCDJSBU022A,"Этиленгликоль высший сорт, СИБУР-Нефтехим (самовывоз
автотранспортом)",СИБУР-Нефтехим,-,-,-,-,-,-,-,-,-,96500,-
378,PCEDSAD018C,"Эфир диизопропиловый второй сорт, Самара БП (ст.
назначения)",Самара БП,36,3780000,-,-,105000,105000,105000,105000,105000,105000,1
379,PCEKPUF005A,"Каучук СКЭПТ-50, (1 лот = 5 т), Уфаоргсинтез (самовывоз
автотранспортом)",Уфаоргсинтез,15,3470005,6470,"2,8",228000,231334,235000,231334,224864,235000,3
380,PCENSAD030C,"Натр едкий технический марка РД высший сорт, Самара БП
(ст. назначения)",Самара БП,-,-,-,-,-,-,-,98820,-,-,-
381,PCFANVY060F,"Фракция ароматических углеводородов, ст. Новоярославская
(ст. отправления)",ст. Новоярославская,-,-,-,-,-,-,-,-,-,63000,-
382,PCFCNVO023A,"Фенол синтетический технический марка А,
Новокуйбышевская НХК (самовывоз автотранспортом)","Новокуйбышевская
НХК",-,-,-,-,-,-,-,-,80000,74000,-
383,PCFCSAU050F,"Фенол синтетический технический марка А (1 лот = 50 т),
Самара-группа станций (ст. отправления)","Самара-группа
станций",200,16000000,-,-,80000,80000,80000,80000,80000,80000,4
384,PCFCSAU050S,"Фенол синтетический технический марка А (1 лот = 50 т),
Самара-группа станций (самовывоз ж/д)","Самара-группа
станций",50,4000000,-,-,80000,80000,80000,80000,80000,80000,1
385,PCFCSAU060F,"Фенол синтетический технический марка А, Самара-группа
станций (ст. отправления)","Самара-группа
станций",60,4800000,-,-,80000,80000,80000,80000,80000,80000,1
386,PCFCSAU060S,"Фенол синтетический технический марка А, Самара-группа
станций (самовывоз ж/д)","Самара-группа
станций",-,-,-,-,-,-,-,-,80000,-,-
387,PCFCUFM050F,"Фенол синтетический технический марка А (1 лот = 50 т), Уфа-
группа станций (ст. отправления)",Уфа-группа станций,200,16000000,-,-,80000,80000,80000,80000,80000,80000,4
388,PCFCUFM060F,"Фенол синтетический технический марка А, Уфа-группа
станций (ст. отправления)",Уфа-группа станций,-,-,-,-,-,-,-,-,80000,77500,-
389,PCFJPRU034F,"Фракция изобутановая марка высшая, ст. Приютово (ст.
отправления)",ст. Приютово,-,-,-,-,-,-,-,-,-,25100,-
390,PCFJTUJ034F,"Фракция изобутановая марка высшая, ст. Туймазы (ст.
отправления)",ст. Туймазы,-,-,-,-,-,-,-,-,-,25000,-
391,PCFKKHH035F,"Фракция изобутановая марка А, ст. Кульшарипово (ст.
отправления)",ст. Кульшарипово,35,1190000,-,-,34000,34000,34000,34000,34000,34010,1
392,PCFKNPT025A,"Фракция изобутановая марка А, ТАНЕКО (самовывоз
автотранспортом)",ТАНЕКО,-,-,-,-,-,-,-,-,34000,-,-
393,PCFKPDK035F,"Фракция изобутановая марка А, Предкомбинатская-группа
станций (ст. отправления)","Предкомбинатская-
группа станций",-,-,-,-,-,-,-,35500,34000,33500,-
394,PCFKSAU035F,"Фракция изобутановая марка А, Самара-группа станций (ст.
отправления)","Самара-группа
станций",-,-,-,-,-,-,-,-,-,25600,-
395,PCFKUPR025A,"Фракция изобутановая марка А, Татнефтегазпереработка
(самовывоз автотранспортом)","Татнефтегазперераб
отка",-,-,-,-,-,-,-,-,35500,-,-
396,PCFLSBL040F,"Фракция пропан-пропиленовая, ст. Соболеково (ст.
отправления)",ст. Соболеково,-,-,-,-,-,-,-,-,-,18000,-
397,PCFORYY010A,"Нефрас С2-80/120, СННА РНК (самовывоз автотранспортом)",СННА РНК,70,8120000,-30,"-0,03",116000,116000,116000,116000,116000,116000,7
398,PCFPANK060F,"Фракция жидких продуктов пиролиза С9, Ангарск-группа
станций (ст. отправления)","Ангарск-группа
станций",60,720000,-,-,12000,12000,12000,12000,12000,12000,1
399,PCFRKHH035F,"Фракция пропановая, ст. Кульшарипово (ст. отправления)",ст. Кульшарипово,-,-,-,-,-,-,-,-,32000,26000,-
400,PCFRKHU035F,"Фракция пропановая, ст. Каучук (ст. отправления)",ст. Каучук,-,-,-,-,-,-,-,-,-,8888,-
401,PCFVRYY010A,"Нефрас П1-63/75, СННА РНК (самовывоз автотранспортом)",СННА РНК,-,-,-,-,-,-,-,-,-,160780,-
402,PCFVSTI050F,"Нефрас П1-63/75, ст. Стенькино II (ст. отправления)",ст. Стенькино II,-,-,-,-,-,-,-,-,-,150000,-
403,PCFXUFM060F,"Жидкие продукты пиролиза фракции 35-230С и 32-320С марка
Е-5, Уфа-группа станций (ст. отправления)",Уфа-группа станций,-,-,-,-,-,-,-,-,37000,25000,-
404,PCF6SAU060F,"Фракция этилбензольная, Самара-группа станций (ст.
отправления)","Самара-группа
станций",-,-,-,-,-,-,-,-,-,50000,-
405,PCGGNPT005A,"Сера техническая газовая гранулированная сорт 9998 (ТУ
2010), ТАНЕКО (самовывоз а/т)",ТАНЕКО,-,-,-,-,-,-,-,-,44000,-,-
406,PCGGPDK069F,"Сера техническая газовая гранулированная сорт 9998,
Предкомбинатская-группа станций (ст. отправления)","Предкомбинатская-
группа станций",207,9108000,-67,"-0,15",44000,44000,44000,44000,44000,44000,2
407,PCIAKII040S,"Изобутан марка А, ст. Кириши (самовывоз ж/д)",ст. Кириши,-,-,-,-,-,-,-,-,-,25500,-
408,PCIEUFM038F,"Фракция бутилен-бутадиеновая, Уфа-группа станций (ст.
отправления)",Уфа-группа станций,-,-,-,-,-,-,-,-,-,40000,-
409,PCKPPUF005A,"Каучук СКЭПТ-40, (1 лот = 5 т), Уфаоргсинтез (самовывоз
автотранспортом)",Уфаоргсинтез,-,-,-,-,-,-,-,-,-,230001,-
410,PCKROTA025A,"Кокс пековый, ТАИФ-НК (самовывоз автотранспортом)",ТАИФ-НК,-,-,-,-,-,-,-,-,500,-,-
411,PCLTSLF020A,"Парафин нефтяной твердый марка П-2 (брикет) ,
Ярославнефтеоргсинтез (самовывоз автотранспортом)","Ярославнефтеоргсин
тез",-,-,-,-,-,-,-,-,110600,-,-
412,PCL2BHF020A,"Парафин нефтяной твердый марка Т-2 (поставка наливом),
Башнефть-Новойл (самовывоз автотранспортом)",Башнефть-Новойл,-,-,-,-,-,-,-,-,62800,-,-
413,PCMCUFM042S,"Альфа-метилстирол, Уфа-группа станций (самовывоз ж/д)",Уфа-группа станций,-,-,-,-,-,-,-,-,-,80000,-
414,PCM1ANK028F,"Монометиламин технический, Ангарск-группа станций (ст.
отправления)","Ангарск-группа
станций",-,-,-,-,-,-,-,-,130000,-,-
415,PCM4NVY060F,"Маловязкая углеводородная основа для буровых растворов,
ст. Новоярославская (ст. отправления)",ст. Новоярославская,-,-,-,-,-,-,-,-,107700,-,-
416,PCOKANK060F,"Остаток кубовый производства бутиловых спиртов (РПС-67),
Ангарск-группа станций (ст. отправления)","Ангарск-группа
станций",-,-,-,-,-,-,-,-,-,25500,-
417,PCOSUGU033F,"Газы углеводородные сжиженные марок ПА или ПТ, БП (б.т.ц.)
Сургут (ст. отправления)",БП (б.т.ц.) Сургут,132,2628945,551,"2,77",19365,19916,20300,19916,19365,20300,4
418,PCO2SAU060F,"Растворитель асфальтеносмолопарафинистых отложений
марка РАСПО 2, Самара-группа станций (ст. отправления)","Самара-группа
станций",-,-,-,-,-,-,-,-,52372,-,-
419,PCPCANG010A,"Газы углеводородные сжиженные марка ПБТ, Ангарская НХК
(самовывоз автотранспортом)",Ангарская НХК,-,-,-,-,-,-,-,-,-,31500,-
420,PCPCANK034F,"Газы углеводородные сжиженные марка ПБТ, Ангарск-группа
станций (ст. отправления)","Ангарск-группа
станций",136,4627434,290,"0,85",33735,34025,34500,34025,33735,35000,4
421,PCPCBUP010A,"Газы углеводородные сжиженные марка ПБТ, Бузулукское
ГПП (Покровская УКПГ) (самовывоз автотранспортом)","Бузулукское ГПП
(Покровская УКПГ)",10,277790,-,-,27779,27779,27779,27779,27779,27779,1
422,PCPCDZM032F,"Газы углеводородные сжиженные марка ПБТ, ст. Дземги (ст.
отправления)",ст. Дземги,-,-,-,-,-,-,-,-,-,33700,-
423,PCPCGPE020A,"Газы углеводородные сжиженные марка ПБТ, ГНС Торопец
(самовывоз автотранспортом)",ГНС Торопец,-,-,-,-,-,-,-,-,40000,-,-
424,PCPCKEC036S,"Газы углеводородные сжиженные марка ПБТ, ст. Клещиха
(самовывоз ж/д)",ст. Клещиха,-,-,-,-,-,-,-,-,-,17800,-
425,PCPCKHU035F,"Газы углеводородные сжиженные марка ПБТ, ст. Каучук (ст.
отправления)",ст. Каучук,-,-,-,-,-,-,-,-,-,22106,-
426,PCPCKHU035J,"Газы углеводородные сжиженные марка ПБТ, ст. Каучук (ст.
отправления ОТП)",ст. Каучук,-,-,-,-,-,-,-,-,-,21000,-
427,PCPCKOB036F,"Газы углеводородные сжиженные марка ПБТ, ст.
Комбинатская (ст. отправления)",ст. Комбинатская,36,781200,200,"0,92",21700,21700,21700,21700,21700,21700,1
428,PCPCKTH034F,"Газы углеводородные сжиженные марка ПБТ, ст. Коротчаево
(ст. отправления)",ст. Коротчаево,306,6418044,818,"3,9",20156,20974,21230,20974,20156,21301,9
429,PCPCLET035F,"Газы углеводородные сжиженные марка ПБТ, ст. Лена-
Восточная (ст. отправления)",ст. Лена-Восточная,-,-,-,-,-,-,-,-,40000,-,-
430,PCPCLUP036F,"Газы углеводородные сжиженные марка ПБТ, Пермь (ст.
отправления)",Пермь,-,-,-,-,-,-,-,-,-,19006,-
431,PCPCNPT018A,"Газы углеводородные сжиженные марка ПБТ, ТАНЕКО
(самовывоз автотранспортом)",ТАНЕКО,-,-,-,-,-,-,-,28000,28000,-,-
432,PCPCNVO010A,"Газы углеводородные сжиженные марка ПБТ,
Новокуйбышевская НХК (самовывоз автотранспортом)","Новокуйбышевская
НХК",10,302580,-,-,30258,30258,30258,30258,30258,30258,1
433,PCPCNVY034F,"Газы углеводородные сжиженные марка ПБТ, ст.
Новоярославская, (ст. отправления)",ст. Новоярославская,272,7767028,193,"0,68",28029,28555,29080,28555,28029,30000,8
434,PCPCOSN038J,"Газы углеводородные сжиженные марка ПБТ, ст. Осенцы (ст.
отправления ОТП)",ст. Осенцы,380,8618400,-290,"-1,28",22200,22680,23200,22680,22200,23200,10
435,PCPCPRU035F,"Газы углеводородные сжиженные марка ПБТ, ст. Приютово
(ст. отправления)",ст. Приютово,210,5546695,401,"1,52",26330,26413,26555,26413,26012,26555,6
436,PCPCSAU035F,"Газы углеводородные сжиженные марка ПБТ, Самара-группа
станций (ст. отправления)","Самара-группа
станций",490,13413365,-170,"-0,62",27000,27374,27600,27374,27000,27620,14
437,PCPCSKP010A,"Газы углеводородные сжиженные марка ПБТ, ШГПП
Шкаповское производство (самовывоз автотранспортом)","ШГПП Шкаповское
производство",-,-,-,-,-,-,-,-,-,24000,-
438,PCPCSTI034F,"Газы углеводородные сжиженные марка ПБТ, ст. Стенькино II
(ст. отправления)",ст. Стенькино II,170,5215328,5,"0,02",30673,30678,30700,30678,30673,31000,5
439,PCPCTEH020A,"Газы углеводородные сжиженные марка ПБТ, Терминал по
хранению и отгрузке ПБТ с. Нагорное (самовывоз
автотранспортом)","Терминал по
хранению и отгрузке
ПБТ с. Нагорное",80,2000000,-,-,25000,25000,25000,25000,25000,27000,2
440,PCPCTOB036F,"Газы углеводородные сжиженные марка ПБТ, ст. Тобольск (ст.
отправления)",ст. Тобольск,-,-,-,-,-,-,-,-,-,20000,-
441,PCPCTOB036J,"Газы углеводородные сжиженные марка ПБТ, ст. Тобольск (ст.
отправления ОТП)",ст. Тобольск,4572,96403356,564,"2,67",20807,21086,21600,21086,19000,21600,28
442,PCPCTUJ035F,"Газы углеводородные сжиженные марка ПБТ, ст. Туймазы (ст.
отправления)",ст. Туймазы,70,1808100,441,"1,71",25720,25830,25940,25830,25389,25940,2
443,PCPCTYP034F,"Газы углеводородные сжиженные марка ПБТ, ст. Тюльпан (ст.
отправления)",ст. Тюльпан,204,5464718,86,"0,32",26702,26788,26920,26788,26702,27000,6
444,PCPCUPR018A,"Газы углеводородные сжиженные марка ПБТ,
Татнефтегазпереработка (самовывоз автотранспортом)","Татнефтегазперераб
отка",-,-,-,-,-,-,-,28000,27000,26000,-
445,PCPCYAI035F,"Газы углеводородные сжиженные марка ПБТ, ст. Яничкино
(ст. отправления)",ст. Яничкино,-,-,-,-,-,-,-,25650,-,27505,-
446,PCPUUFM034F,"Фракция пропан-пропиленовая марка А, Уфа-группа станций
(ст. отправления)",Уфа-группа станций,68,1388016,243,"1,19",20169,20412,20655,20412,20169,21005,2
447,PCQBDZM061F,"Сера техническая газовая гранулированная сорт 9995 марка
B, ст. Дземги (ст. отправления)",ст. Дземги,-,-,-,-,-,-,-,-,-,1,-
448,PCRIKHH035F,"Газы углеводородные сжиженные марка ПТ, ст. Кульшарипово
(ст. отправления)",ст. Кульшарипово,35,875000,-,-,25000,25000,25000,25000,25000,25000,1
449,PCRXKHH038F,"Газы углеводородные сжиженные марка ПБТ (СТО), ст.
Кульшарипово (ст. отправления)",ст. Кульшарипово,950,20007418,-,-,20500,21060,21900,21060,20000,22300,5
450,PCRZKHH040F,"Газы углеводородные сжиженные марка БТ, ст. Кульшарипово
(ст. отправления)",ст. Кульшарипово,200,4120000,-,-,20000,20600,21000,20600,20000,21000,3
451,PCSCKII065S,"Сольвент нефтяной сверхтяжелый, ст. Кириши (самовывоз
ж/д)",ст. Кириши,-,-,-,-,-,-,-,-,-,53000,-
452,PCSGBIN066F,"Сера техническая газовая гранулированная сорт 9998 (ТУ
2003), ст. Биклянь (ст. отправления)",ст. Биклянь,198,8751600,-,-,44200,44200,44200,44200,44200,44200,1
453,PCSJSVA060F,"Бензол нефтяной высшей очистки, ст. Салават (ст.
отправления)",ст. Салават,60,3000240,-,-,50004,-,50004,-,50004,51000,1
454,PCSURUY060W,"Смесь ароматических углеводородов С-10, ст. Рудня-Экспорт
(промежуточная станция)",ст. Рудня-Экспорт,-,-,-,-,-,-,-,-,122315,-,-
455,PCSUZAH060W,"Смесь ароматических углеводородов С-10, ст. Завережье-
Экспорт (промежуточная станция)","ст. Завережье-
Экспорт",-,-,-,-,-,-,-,-,122315,-,-
456,PCSZPLU022A,"Стирол марка СДЭБ высший сорт, Узловая (самовывоз
автотранспортом)",Узловая,-,-,-,-,-,-,-,130200,-,-,-
457,PCSZSBU022A,"Стирол марка СДЭБ высший сорт, СИБУР-Нефтехим
(самовывоз автотранспортом)",СИБУР-Нефтехим,-,-,-,-,-,-,-,130200,-,-,-
458,PCSZSIK022A,"Стирол марка СДЭБ высший сорт, Сибур-Химпром
(самовывоз автотранспортом)",Сибур-Химпром,-,-,-,-,-,-,-,124950,-,-,-
459,PCSZSVA044S,"Стирол марка СДЭБ высший сорт, ст. Салават (самовывоз
ж/д)",ст. Салават,88,9688800,-,-,110100,110100,110100,110100,110100,111000,1
460,PCS1ANK065F,"Кислота серная контактная техническая первый сорт (лот 65
т), Ангарск-группа станций (ст. отправления)","Ангарск-группа
станций",-,-,-,-,-,-,-,-,-,16000,-
461,PCS1KII073S,"Кислота серная контактная техническая первый сорт, ст.
Кириши (самовывоз ж/д)",ст. Кириши,-,-,-,-,-,-,-,-,-,21350,-
462,PCS1NVY065F,"Кислота серная контактная техническая первый сорт, ст.
Новоярославская (ст. отправления)",ст. Новоярославская,-,-,-,-,-,-,-,-,-,20100,-
463,PCS1SAU060F,"Кислота серная контактная техническая первый сорт (лот 60
т), Самара-группа станций (ст. отправления)","Самара-группа
станций",-,-,-,-,-,-,-,-,-,16500,-
464,PCS1SAU065F,"Кислота серная контактная техническая первый сорт (лот 65
т), Самара-группа станций (ст. отправления)","Самара-группа
станций",-,-,-,-,-,-,-,-,-,16500,-
465,PCS1STI065F,"Кислота серная контактная техническая первый сорт, ст.
Стенькино II (ст. отправления)",ст. Стенькино II,-,-,-,-,-,-,-,-,-,20100,-
466,PCS2SAU065F,"Кислота серная контактная техническая второй сорт (лот 65 т),
Самара-группа станций (ст. отправления)","Самара-группа
станций",-,-,-,-,-,-,-,-,-,11000,-
467,PCS3BHR022A,"Кислота соляная синтетическая техническая, Башкирская
содовая компания (самовывоз автотранспортом)","Башкирская содовая
компания",-,-,-,-,-,-,-,-,20374,-,-
468,PCS4SAU060F,"Смола полиалкилбензольная марка А, Самара-группа станций
(ст. отправления)","Самара-группа
станций",-,-,-,-,-,-,-,-,-,15000,-
469,PCS6KKK060J,"Кислота соляная синтетическая техническая марка А, ст.
Косяковка (ст. отправления ОТП)",ст. Косяковка,-,-,-,-,-,-,-,-,20374,-,-
470,PCS7NVO025A,"Ацетон технический высший сорт, Новокуйбышевская НХК
(самовывоз автотранспортом)","Новокуйбышевская
НХК",-,-,-,-,-,-,-,45250,45500,-,-
471,PCS7PUF025A,"Ацетон технический высший сорт, Уфаоргсинтез (самовывоз
автотранспортом)",Уфаоргсинтез,-,-,-,-,-,-,-,45250,-,45000,-
472,PCS7SAU040F,"Ацетон технический высший сорт (1 лот = 40т), Самара-группа
станций (ст. отправления)","Самара-группа
станций",40,1820000,1000,"2,2",45500,45500,45500,45500,45500,45500,1
473,PCS7SAU060F,"Ацетон технический высший сорт, Самара-группа станций (ст.
отправления)","Самара-группа
станций",-,-,-,-,-,-,-,44167,44500,39000,-
474,PCS7UFM040F,"Ацетон технический высший сорт, (поставка танк-
контейнерами), Уфа-группа станций (ст. отправления)",Уфа-группа станций,80,3580000,250,"0,56",44500,44750,45000,44750,44500,45000,2
475,PCS7UFM040S,"Ацетон технический высший сорт, Уфа-группа станций
(самовывоз ж/д)",Уфа-группа станций,80,3580000,-,-,44500,44750,45000,44750,44500,45000,2
476,PCS7UFM060F,"Ацетон технический высший сорт, Уфа-группа станций (ст.
отправления)",Уфа-группа станций,-,-,-,-,-,-,-,44167,44500,-,-
477,PCS9SDA025A,"Кислота соляная синтетическая техническая марка Б, Сода-
хлорат (самовывоз автотранспортом)",Сода-хлорат,-,-,-,-,-,-,-,-,15860,-,-
478,PCS9ZAC060J,"Кислота соляная синтетическая техническая марка Б, ст.
Заячья Горка, Свердловская ЖД (ст. отправления ОТП)","ст. Заячья Горка,
Свердловская ЖД",-,-,-,-,-,-,-,-,15860,-,-
479,PCTBTYP034F,"Газы углеводородные сжиженные марка БТ, ст. Тюльпан (ст.
отправления)",ст. Тюльпан,68,1634040,123,"0,51",23980,24030,24080,24030,23907,24105,2
480,PCTHNVI065C,"Метанол технический марка А (без ХОС), БП Новый Уренгой
(ст. назначения)",БП Новый Уренгой,-,-,-,-,-,-,-,-,45000,42000,-
481,PCTKKOB060F,"Концентрат толуольный марка А, ст. Комбинатская (ст.
отправления)",ст. Комбинатская,-,-,-,-,-,-,-,101000,-,106000,-
482,PCTMNVI060C,"Метанол технический марка А, БП Новый Уренгой (ст.
назначения)",БП Новый Уренгой,-,-,-,-,-,-,-,-,45000,41000,-
483,PCTMSAD065C,"Метанол технический марка А (1 лот = 65 т), Самара БП (ст.
назначения)",Самара БП,-,-,-,-,-,-,-,34000,-,-,-
484,PCTOOSN063F,"Толуол нефтяной, ст. Осенцы (ст. отправления)",ст. Осенцы,63,7087500,5000,"4,44",112500,112500,112500,112500,112500,112500,1
485,PCT9NVY060F,"Толуол нефтяной высший сорт, ст. Новоярославская (ст.
отправления)",ст. Новоярославская,-,-,-,-,-,-,-,114050,-,114100,-
486,PCT9SVA060J,"Толуол нефтяной высший сорт, ст. Салават (ст. отправления
ОТП)",ст. Салават,-,-,-,-,-,-,-,-,-,67000,-
487,PCUUTYP034F,"Газы углеводородные сжиженные марка ПТ, ст. Тюльпан (ст.
отправления)",ст. Тюльпан,68,1688270,255,"1,03",24673,24828,24982,24828,24573,25122,2
488,PCUUUPG020A,"Газы углеводородные сжиженные марка ПТ, Сургутское УПГ
(самовывоз автотранспортом)",Сургутское УПГ,-,-,-,-,-,-,-,-,-,25900,-
489,PCUUZEL036F,"Газы углеводородные сжиженные марка ПТ, ст. Зелецино (ст.
отправления)",ст. Зелецино,36,972000,500,"1,85",27000,27000,27000,27000,27000,27000,1
490,PCU2RAF010A,"Смесь сжиженных углеводородных газов, Краснодарнефтегаз
(самовывоз автотранспортом)",Краснодарнефтегаз,-,-,-,-,-,-,-,-,-,32000,-
491,PCVEAZP020A,"Полиэтилен марка НМПЭ-1 (в бочке), Ангарский завод
полимеров (самовывоз автотранспортом)","Ангарский завод
полимеров",-,-,-,-,-,-,-,-,2300,-,-
492,PCVLPSG020A,"Полиэтилентерефталат 8200 марка Л, Склад ПИРС
(самовывоз а/т)",Склад ПИРС,-,-,-,-,-,-,-,-,148600,-,-
493,PCVMMSB020A,"Воск свечной высокоочищенный модифицированный марка 1,
Склад МОСХИМ (самовывоз а/т)",Склад МОСХИМ,-,-,-,-,-,-,-,-,83000,-,-
494,PCVSAZP020A,"Cырье полиэтиленовое вторичное (сметки), Ангарский завод
полимеров (самовывоз автотранспортом)","Ангарский завод
полимеров",-,-,-,-,-,-,-,-,-,28000,-
495,PCVTONT005A,"Полиэтилентерефталат высоковязкий торговая марка
EKOPET 80 BB, Склад Контранс (самовывоз автотранспортом)",Склад Контранс,-,-,-,-,-,-,-,-,165000,-,-
496,PCV9PUF001A,"Полиэтилен марка НМПЭ-1, Уфаоргсинтез (самовывоз
автотранспортом)",Уфаоргсинтез,-,-,-,-,-,-,-,-,1000,-,-
497,PCV9PUF020A,"Полиэтилен НМПЭ-1, Уфаоргсинтез (самовывоз
автотранспортом)",Уфаоргсинтез,-,-,-,-,-,-,-,-,1000,-,-
498,PCWBRFF036C,"Широкая фракция легких углеводородов марка А, РФ БП (ст.
назначения)",РФ БП,-,-,-,-,-,-,-,-,-,30500,-
499,PCXKANK060F,"Cмола пиролизная тяжелая со смолой КОМПАУНД первый
сорт, Ангарск-группа станций (ст. отправления)","Ангарск-группа
станций",-,-,-,-,-,-,-,30000,-,-,-
500,PCX1UGU036F,"Газы углеводородные сжиженные марок ПБТ или ПБА, БП
(б.т.ц.) Сургут (ст. отправления)",БП (б.т.ц.) Сургут,504,10068480,307,"1,54",19670,19977,20001,19977,19670,20001,10
501,PCY7MSB020A,"Полиэтилен высокого давления марка 15803-020 высший сорт
(поставка в фасованном виде - мешок 25 кг), Склад МОСХИМ
(самовывоз автотранспортом)",Склад МОСХИМ,40,5600000,-,-,140000,140000,140000,140000,140000,145000,2
502,PCY9MSB020A,"Полиэтилен высокого давления марка 10903-020 высший сорт
(поставка в фасованном виде - мешок 25 кг), Склад МОСХИМ
(самовывоз автотранспортом)",Склад МОСХИМ,-,-,-,-,-,-,-,136000,-,-,-
503,PCZBKHH050F,"Фракция изопентановая марка Б, ст. Кульшарипово (ст.
отправления)",ст. Кульшарипово,500,23500000,-,-,47000,47000,47000,47000,47000,47000,1
504,PCZBUPR024A,"Фракция изопентановая марка Б, Татнефтегазпереработка
(самовывоз автотранспортом)","Татнефтегазперераб
отка",-,-,-,-,-,-,-,-,55600,33000,-
505,PCZDRFF036C,"Широкая фракция легких углеводородов, РФ БП (ст.
назначения)",РФ БП,-,-,-,-,-,-,-,-,-,25000,-
506,PCZ4KKK040F,"Газы углеводородные сжиженные, ст. Косяковка (ст.
отправления)",ст. Косяковка,80,1760000,1250,"5,68",22000,22000,22000,22000,22000,22000,1
507,PC1BPUF020A,"Бален 01030, Уфаоргсинтез (самовывоз автотранспортом)",Уфаоргсинтез,-,-,-,-,-,-,-,-,-,100,-
508,PC1VPUF020A,"Полиэтилен высокого давления марка 15803-020 второй сорт,
Уфаоргсинтез (самовывоз автотранспортом)",Уфаоргсинтез,-,-,-,-,-,-,-,-,-,136501,-
509,PC1YPUF020A,"Полиэтилен высокого давления марка 15803-020 первый сорт,
Уфаоргсинтез (самовывоз автотранспортом)",Уфаоргсинтез,-,-,-,-,-,-,-,-,-,131100,-
510,PC10KIT025A,"Парафин нефтяной жидкий фракция С10-С13, КИНЕФ
(самовывоз автотранспортом)",КИНЕФ,-,-,-,-,-,-,-,-,173362,-,-
511,PC14KII055F,"Парафин нефтяной жидкий фракция С14-С17, ст. Кириши (ст.
отправления)",ст. Кириши,-,-,-,-,-,-,-,-,-,106750,-
512,PC14KII055S,"Парафин нефтяной жидкий фракция С14-С17, ст. Кириши
(самовывоз ж/д)",ст. Кириши,-,-,-,-,-,-,-,-,-,106750,-
513,PC14KIT025A,"Парафин нефтяной жидкий фракция С14-С17, КИНЕФ
(самовывоз автотранспортом)",КИНЕФ,-,-,-,-,-,-,-,-,-,119983,-
514,PC15PUF020A,"Переходные марки балена 04015, Уфаоргсинтез (самовывоз
автотранспортом)",Уфаоргсинтез,-,-,-,-,-,-,-,-,-,124500,-
515,PC2BPUF020A,"Бален 01031Г, Уфаоргсинтез (самовывоз автотранспортом)",Уфаоргсинтез,-,-,-,-,-,-,-,-,-,100,-
516,PC4GSAU034F,"Фракция пропановая марка А, Самара-группа станций (ст.
отправления)","Самара-группа
станций",136,3781582,913,"3,28",27397,27806,28002,27806,26893,28010,4
517,PC4YSAU060F,"Смола фенольная, Самара-группа станций (ст. отправления)","Самара-группа
станций",60,60000,-,-,1000,1000,1000,1000,1000,1000,1
518,PC7BPUF020A,"Бален 02015, Уфаоргсинтез (самовывоз автотранспортом)",Уфаоргсинтез,40,6246180,529,"0,34",156009,156155,156300,156155,155626,156711,2
519,PPA-SUR033F,"Газы углеводородные сжиженные марка ПА, ст. Сургут (ст.
отправления)",ст. Сургут,-,-,-,-,-,-,-,-,-,5555,-
520,PPBAASR005A,"Газы углеводородные сжиженные марка ПБА, Астрахань БП
(самовывоз автотранспортом)",Астрахань БП,325,11627000,75,"0,21",35700,35775,36000,35775,35700,36000,10
521,PPBABKB005A,"Газы углеводородные сжиженные марка ПБА, Белгород-Курск-
Брянск БП (самовывоз автотранспортом)","Белгород-Курск-
Брянск БП",5,195000,-500,"-1,28",39000,39000,39000,39000,38500,39500,1
522,PPBAGDD005A,"Газы углеводородные сжиженные марка ПБА, ГНС Сочи
(самовывоз автотранспортом)",ГНС Сочи,-,-,-,-,-,-,-,-,38500,-,-
523,PPBAGNV005A,"Газы углеводородные сжиженные марка ПБА, ГНС
Владикавказ (самовывоз автотранспортом)",ГНС Владикавказ,-,-,-,-,-,-,-,-,-,39200,-
524,PPBAHAE005A,"Газы углеводородные сжиженные марка ПБА, БП Хабль-
Темрюк (самовывоз автотранспортом)",БП Хабль-Темрюк,-,-,-,-,-,-,-,38000,38000,-,-
525,PPBALTV005A,"Газы углеводородные сжиженные марка ПБА, Липецк-Тамбов-
Волгоград БП (самовывоз автотранспортом)","Липецк-Тамбов-
Волгоград БП",50,1885000,-856,"-2,27",37500,37700,38000,37700,37500,38000,4
526,PPBAMIT005A,"Газы углеводородные сжиженные марка ПБА, ГНС
Минеральные Воды (самовывоз автотранспортом)","ГНС Минеральные
Воды",-,-,-,-,-,-,-,-,-,38000,-
527,PPBAMST034C,"Газы углеводородные сжиженные марка ПБА, Москва-
Товарная БП (ст. назначения)",Москва-Товарная БП,-,-,-,-,-,-,-,-,35000,-,-
528,PPBAOSU005A,"Газы углеводородные сжиженные марка ПБА, УН ОСК
(самовывоз автотранспортом)",УН ОСК,150,4125000,-,-,27500,27500,27500,27500,27500,27500,11
529,PPBARST034C,"Газы углеводородные сжиженные марка ПБА, Ростов БП (ст.
назначения)",Ростов БП,-,-,-,-,-,-,-,-,37500,-,-
530,PPBARTO005A,"Газы углеводородные сжиженные марка ПБА, Ростов-25 БП
(самовывоз автотранспортом)",Ростов-25 БП,10,380000,-,-,38000,38000,38000,38000,38000,38000,1
531,PPBAYAI035F,"Газы углеводородные сжиженные марка ПБА, ст. Яничкино
(ст. отправления)",ст. Яничкино,35,947800,-,-,27080,27080,27080,27080,27080,28000,1
532,PPBAZNT025A,"Газы углеводородные сжиженные марка ПБА, Славянск ЭКО
(самовывоз автотранспортом)",Славянск ЭКО,-,-,-,-,-,-,-,-,36000,33000,-
533,PPBBZAH035W,"Газы углеводородные сжиженные марка СПБТ, ст. Завережье-
Экспорт (промежуточная станция)","ст. Завережье-
Экспорт",420,12180000,-,-,29000,29000,29000,29000,29000,29001,4
534,PV22PIC027A,"Битумное вяжущее марка PG 64-22, Производственная
площадка г. Рязань (самовывоз автотранспортом)","Производственная
площадка г. Рязань",540,14310000,-,-,26500,26500,26500,26500,26500,26500,2
535,PV23PIC027A,"Полимерно-битумное вяжущее марка ПБВ 60 (поставка
наливом), Производственная площадка г. Рязань (самовывоз
автотранспортом)","Производственная
площадка г. Рязань",-,-,-,-,-,-,-,32000,-,-,-
536,PV58SSN027A,"Битумное вяжущее марка PG 58-22, Саратовский НПЗ
(самовывоз автотранспортом)",Саратовский НПЗ,-,-,-,-,-,-,-,-,27400,-,-
537,PV76PIC027A,"Битумное вяжущее марка PG 76-22, Производственная
площадка г. Рязань (самовывоз автотранспортом)","Производственная
площадка г. Рязань",-,-,-,-,-,-,-,-,30500,29500,-
538,QC03GTG020K,"Сырье полимерное вторичное (ПВД - пленка), Склад Гатчина
(франко-пункт назначения)",Склад Гатчина,-,-,-,-,-,-,-,50000,-,-,-
539,RKT-PDK065F,"Топливо для реактивных двигателей РТ высший сорт,
Предкомбинатская-группа станций (ст. отправления)","Предкомбинатская-
группа станций",325,27625000,-3000,"-3,53",85000,85000,85000,85000,85000,85000,2
540,TPBUUPG025A,"Топливо печное бытовое, Сургутское УПГ (самовывоз
автотранспортом)",Сургутское УПГ,650,40300000,-3026,"-4,88",62000,62000,62000,62000,62000,62037,6
541,TRD-BTT060R,"Топливо для реактивных двигателей марок РТ в/с ТС-1 в/с,
Батайск БП (ст. назначения/резервуар Покупателя)",Батайск БП,-,-,-,-,-,-,-,-,-,85800,-
542,TRD-MHA060R,"Топливо для реактивных двигателей марок РТ в/с ТС-1 в/с,
МАУ БП (ст. назначения/резервуар Покупателя)",МАУ БП,1080,90232200,240,"0,29",83450,83548,83570,83548,83450,83570,4
543,TRD-PYG060R,"Топливо для реактивных двигателей марок РТ в/с ТС-1 в/с,
Пятигорск БП (ст. назначения/резервуар Покупателя)",Пятигорск БП,360,30871800,-45,"-0,05",85740,85755,85780,85755,85740,85780,3
